INSERT INTO "Categoria" ("id", "nombre") VALUES 
(1, 'Ropa'),
(2, 'Calzado'),
(3, 'Accesorios');


INSERT INTO "Talla" ("id", "nombre", "id_categoria") VALUES 
(1, 'XS', 1),
(2, 'S', 1),
(3, 'M', 1),
(4, 'L', 1),
(5, 'XL', 1),
(6, 'XXL', 1),
(7, 'CM 22', 2),
(8, 'CM 23', 2),
(9, 'CM 24', 2),
(10, 'CM 25', 2),
(11, 'CM 26', 2),
(12, 'CM 27', 2),
(13, 'CM 28', 2),
(14, 'CM 29', 2),
(15, 'CM 30', 2),
(16, 'CM 31', 2),
(17, 'CM 32', 2),
(18, 'CM 33', 2),
(19, 'CM 34', 2),
(20, 'Unitalla', 3);


INSERT INTO "Color" ("id", "nombre") VALUES 
(1, 'Negro'),
(2, 'Blanco'),
(3, 'Rojo'),
(4, 'Azul'),
(5, 'Verde'),
(6, 'Amarillo'),
(7, 'Gris'),
(8, 'Naranja'),
(9, 'Rosa'),
(10, 'Morado'),
(11, 'Café'),
(12, 'Beige');


INSERT INTO "Genero" ("id", "nombre") VALUES 
(1, 'Hombre'),
(2, 'Mujer'),
(3, 'Niños'),
(4, 'Unisex');


INSERT INTO "Subcategoria" ("id", "nombre", "id_categoria") VALUES 
(1, 'Playera', 1),
(2, 'Pantalón', 1),
(3, 'Sudadera', 1),
(4, 'Chamarra', 1),
(5, 'Shorts', 1),
(6, 'Jersey', 1),
(7, 'Calcetines', 1),
(8, 'Camisa', 1),
(9, 'Top', 1),
(10, 'Tenis', 2),
(11, 'Botas', 2),
(12, 'Sandalias', 2),
(13, 'Tacones', 2),
(14, 'Gorra', 3),
(15, 'Mochila', 3),
(16, 'Bolso', 3),
(17, 'Reloj', 3),
(18, 'Lentes', 3);


INSERT INTO "Marca" ("id", "nombre", "imagen_url", "activo") VALUES 
(1, 'Adidas', 'https://woryjvsnyyfuhrywvkeq.supabase.co/storage/v1/object/public/LuxuryClothes/MakesLogos/adidas.svg', true),
(2, 'ArcTeryx', 'https://woryjvsnyyfuhrywvkeq.supabase.co/storage/v1/object/public/LuxuryClothes/MakesLogos/arcteryx.svg', true),
(3, 'Calvin Klein', 'https://woryjvsnyyfuhrywvkeq.supabase.co/storage/v1/object/public/LuxuryClothes/MakesLogos/calvin_klein.svg', true),
(4, 'Hugo Boss', 'https://woryjvsnyyfuhrywvkeq.supabase.co/storage/v1/object/public/LuxuryClothes/MakesLogos/hugoBoss.svg', true),
(5, 'Jordan', 'https://woryjvsnyyfuhrywvkeq.supabase.co/storage/v1/object/public/LuxuryClothes/MakesLogos/jordan.svg', true),
(6, 'Massimo Dutti', 'https://woryjvsnyyfuhrywvkeq.supabase.co/storage/v1/object/public/LuxuryClothes/MakesLogos/massimoDutti.svg', true),
(7, 'New Era', 'https://woryjvsnyyfuhrywvkeq.supabase.co/storage/v1/object/public/LuxuryClothes/MakesLogos/newEra.svg', true),
(8, 'Nike', 'https://woryjvsnyyfuhrywvkeq.supabase.co/storage/v1/object/public/LuxuryClothes/MakesLogos/nike.svg', true),
(9, 'The North Face', 'https://woryjvsnyyfuhrywvkeq.supabase.co/storage/v1/object/public/LuxuryClothes/MakesLogos/NorthFace.svg', true),
(10, 'Tommy Hilfiger', 'https://woryjvsnyyfuhrywvkeq.supabase.co/storage/v1/object/public/LuxuryClothes/MakesLogos/TommyHilfiger.svg', true);


INSERT INTO "Producto" ("id", "nombre", "descripcion", "precio", "id_color", "id_genero", "id_subcategoria", "activo", "id_marca") VALUES 
(1, 'Tenis Samba OG White', 'Un producto pensado para quienes valoran comodidad y diseño, adaptándose fácilmente a diferentes ocasiones, aportando estilo sin sacrificar comodidad ni practicidad.', 2299, 2, 1, 10, true, 1),
(2, 'Tenis Samba OG Black', 'Una pieza versátil pensada para el uso diario, permitiendo crear combinaciones variadas, perfecto para complementar cualquier conjunto con un toque moderno.', 2299, 1, 1, 10, true, 1),
(3, 'TENIS GAZELLE LO PRO', 'Este producto ha sido diseñado cuidadosamente, manteniendo siempre una sensación de confort, con una estética atractiva que se adapta a múltiples combinaciones.', 2299, 4, 2, 10, true, 1),
(4, 'SANDALIAS GAZELLE BOLD', 'Este artículo combina estilo moderno y funcionalidad, manteniendo siempre una sensación de confort, permitiendo mantener un estilo actual en cualquier ocasión.', 1799, 1, 2, 12, true, 1),
(5, 'Sandalias Znscape', 'Una alternativa ideal para quienes buscan estilo moderno, permitiendo combinarlo con diferentes outfits, siendo una alternativa funcional para el uso cotidiano.', 999, 11, 2, 12, true, 1),
(6, 'TENIS VL COURT AUDI REVOLUT F1 TEAM', 'Este producto destaca por su diseño atractivo y funcional, brindando una experiencia práctica y versátil, con una estética atractiva que se adapta a múltiples combinaciones.', 1599, 7, 1, 10, true, 1),
(7, 'TENIS ADISTAR XLG 2.0', 'Este producto destaca por su diseño atractivo y funcional, permitiendo combinarlo con diferentes outfits, permitiendo mantener un estilo actual en cualquier ocasión.', 2799, 5, 1, 10, true, 1),
(8, 'Tenis Forum2000', 'Este producto ha sido diseñado cuidadosamente, permitiendo combinarlo con diferentes outfits, con un diseño pensado para adaptarse a diferentes estilos personales.', 2499, 1, 1, 10, true, 1),
(9, 'Senderismo Terrex Anylander Corte Medio', 'Un producto pensado para quienes valoran comodidad y diseño, permitiendo crear combinaciones variadas, ideal para quienes buscan versatilidad en su día a día.', 1899, 11, 1, 11, true, 1),
(10, 'CHAMARRA MECÁNICOS AUDI REVOLUT F1 TEAM CIERRE CORTO', 'Una pieza versátil pensada para el uso diario, permitiendo crear combinaciones variadas, perfecto para complementar cualquier conjunto con un toque moderno.', 1999, 7, 1, 3, true, 1),
(11, 'PANTS DEPORTIVOS FIREBIRD', 'Una pieza versátil pensada para el uso diario, ofreciendo comodidad durante todo el día, con una estética atractiva que se adapta a múltiples combinaciones.', 1499, 4, 1, 2, true, 1),
(12, 'PLAYERA MERCEDES - AMG PETRONAS F1 TEAM DRIVER VERSIÓN PROFESIONAL', 'Una opción moderna que se adapta fácilmente, brindando una experiencia práctica y versátil, perfecto para complementar cualquier conjunto con un toque moderno.', 2399, 1, 1, 1, true, 1),
(13, 'SHORTS FIREBIRD', 'Una pieza versátil pensada para el uso diario, ofreciendo comodidad durante todo el día, aportando estilo sin sacrificar comodidad ni practicidad.', 799, 2, 1, 5, true, 1),
(14, 'Cárdigan Rugby 120 Años Francia', 'Este producto destaca por su diseño atractivo y funcional, permitiendo combinarlo con diferentes outfits, perfecto para complementar cualquier conjunto con un toque moderno.', 3699, 2, 1, 3, true, 1),
(15, 'Chamarra Originals Basketball', 'Este producto ha sido diseñado cuidadosamente, ofreciendo comodidad durante todo el día, perfecto para complementar cualquier conjunto con un toque moderno.', 3699, 1, 4, 4, true, 1),
(16, 'CHAMARRA SST DE CORDUROY', 'Una alternativa ideal para quienes buscan estilo moderno, ofreciendo comodidad durante todo el día, ideal para quienes valoran diseño moderno y comodidad constante.', 2599, 12, 2, 4, true, 1),
(17, 'PANTS DEPORTIVOS FIREBIRD HOLGADOS', 'Este artículo ofrece un equilibrio entre estética y practicidad, ofreciendo comodidad durante todo el día, perfecto para complementar cualquier conjunto con un toque moderno.', 1499, 9, 2, 2, true, 1),
(18, 'JERSEY MERCEDES - AMG PETRONAS F1 TEAM DRIVER', 'Una opción moderna que se adapta fácilmente, aportando funcionalidad al uso cotidiano, con una estética atractiva que se adapta a múltiples combinaciones.', 1349, 2, 2, 6, true, 1),
(19, 'TRACK PANTS CLÁSICOS', 'Una pieza creada para acompañar tu estilo cotidiano, ofreciendo comodidad durante todo el día, perfecto para complementar cualquier conjunto con un toque moderno.', 1399, 11, 2, 2, true, 1),
(20, 'Top 3 Franjas Studio All Me Light Support', 'Este producto ha sido diseñado cuidadosamente, manteniendo siempre una sensación de confort, ideal para quienes valoran diseño moderno y comodidad constante.', 999, 3, 2, 9, true, 1),
(21, 'Pants sueltos de felpa Essentials', 'Una opción moderna que se adapta fácilmente, adaptándose fácilmente a diferentes ocasiones, perfecto para complementar cualquier conjunto con un toque moderno.', 1099, 10, 2, 2, true, 1),
(22, 'GORRA DE BÉISBOL DEL EQUIPO AUDI REVOLUT F1', 'Una pieza creada para acompañar tu estilo cotidiano, permitiendo combinarlo con diferentes outfits, permitiendo mantener un estilo actual en cualquier ocasión.', 899, 7, 4, 14, true, 1),
(23, 'Bolsa Tote adidas by Stella McCartney', 'Un diseño versátil que complementa distintos estilos, manteniendo una estética contemporánea, con un diseño pensado para adaptarse a diferentes estilos personales.', 3399, 12, 2, 16, true, 1),
(24, 'Calcetines Tobilleros 3 Franjas 3 Pares', 'Una alternativa ideal para quienes buscan estilo moderno, integrándose perfectamente a tu guardarropa, con un diseño pensado para adaptarse a diferentes estilos personales.', 279, 2, 4, 7, true, 1),
(25, 'Chaqueta con capucha Squamish', 'Un diseño versátil que complementa distintos estilos, brindando una experiencia práctica y versátil, siendo una alternativa funcional para el uso cotidiano.', 200, 5, 1, 4, true, 2),
(26, 'Camiseta manga corta Kragg SL Cotton', 'Este artículo ofrece un equilibrio entre estética y practicidad, adaptándose fácilmente a diferentes ocasiones, ideal para quienes valoran diseño moderno y comodidad constante.', 60, 11, 1, 1, true, 2),
(27, 'Pantalón Gamma', 'Este producto destaca por su diseño atractivo y funcional, ofreciendo comodidad durante todo el día, aportando estilo sin sacrificar comodidad ni practicidad.', 200, 5, 1, 2, true, 2),
(28, 'Camisa manga corta Skyline', 'Este artículo ofrece un equilibrio entre estética y practicidad, permitiendo crear combinaciones variadas, con un diseño pensado para adaptarse a diferentes estilos personales.', 120, 7, 1, 8, true, 2),
(29, 'Gorro Bird Word', 'Este artículo combina estilo moderno y funcionalidad, manteniendo una estética contemporánea, ideal para quienes valoran diseño moderno y comodidad constante.', 60, 1, 2, 14, true, 2),
(30, 'Bolso bandolera Heliad', 'Este artículo ofrece un equilibrio entre estética y practicidad, permitiendo combinarlo con diferentes outfits, siendo una alternativa funcional para el uso cotidiano.', 50, 6, 2, 16, true, 2),
(31, 'Chaqueta Cerium', 'Este producto destaca por su diseño atractivo y funcional, ofreciendo comodidad durante todo el día, aportando estilo sin sacrificar comodidad ni practicidad.', 380, 1, 2, 4, true, 2),
(32, 'Abrigo Liatris Long', 'Un producto pensado para quienes valoran comodidad y diseño, manteniendo siempre una sensación de confort, ideal para quienes buscan versatilidad en su día a día.', 750, 12, 2, 4, true, 2),
(33, 'Hallam Merino Wool Hoody', 'Un diseño versátil que complementa distintos estilos, ofreciendo comodidad durante todo el día, siendo una alternativa funcional para el uso cotidiano.', 220, 5, 2, 3, true, 2),
(34, 'Norvan Insulated Hoody', 'Una pieza creada para acompañar tu estilo cotidiano, permitiendo combinarlo con diferentes outfits, ideal para quienes valoran diseño moderno y comodidad constante.', 300, 3, 2, 3, true, 2),
(35, 'Pantalón Beta SV', 'Un diseño versátil que complementa distintos estilos, brindando una experiencia práctica y versátil, perfecto para complementar cualquier conjunto con un toque moderno.', 500, 10, 2, 2, true, 2),
(36, 'Kyanite Baselayer Zip Neck', 'Una opción moderna que se adapta fácilmente, adaptándose fácilmente a diferentes ocasiones, permitiendo mantener un estilo actual en cualquier ocasión.', 140, 8, 2, 3, true, 2),
(37, 'Calvin Klein Monograma', 'Una alternativa ideal para quienes buscan estilo moderno, permitiendo combinarlo con diferentes outfits, con un diseño pensado para adaptarse a diferentes estilos personales.', 2699, 3, 1, 3, true, 3),
(38, 'Calvin Klein Sherpa', 'Una pieza creada para acompañar tu estilo cotidiano, manteniendo una estética contemporánea, siendo una pieza práctica para complementar distintos outfits.', 4699, 12, 1, 4, true, 3),
(39, 'Calvin Klein Premium Terry Monograma', 'Este artículo combina estilo moderno y funcionalidad, integrándose perfectamente a tu guardarropa, ideal para quienes buscan versatilidad en su día a día.', 2699, 9, 1, 3, true, 3),
(40, 'Calvin Klein Calvin Script Terry', 'Una pieza versátil pensada para el uso diario, aportando un toque moderno a tu estilo personal, perfecto para complementar cualquier conjunto con un toque moderno.', 2599, 4, 1, 1, true, 3),
(41, 'Calvin Klein Barrel Smokestack', 'Una alternativa ideal para quienes buscan estilo moderno, manteniendo una estética contemporánea, ofreciendo una opción cómoda y práctica para diferentes momentos.', 2299, 7, 1, 2, true, 3),
(42, 'Calvin Klein Bootcut', 'Una alternativa ideal para quienes buscan estilo moderno, manteniendo una estética contemporánea, permitiendo mantener un estilo actual en cualquier ocasión.', 1999, 1, 1, 2, true, 3),
(43, 'Calvin Klein con Placa Logo', 'Este artículo ofrece un equilibrio entre estética y practicidad, manteniendo una estética contemporánea, siendo una pieza práctica para complementar distintos outfits.', 2499, 5, 2, 8, true, 3),
(44, 'Calvin Klein Velour', 'Una alternativa ideal para quienes buscan estilo moderno, manteniendo siempre una sensación de confort, con una estética atractiva que se adapta a múltiples combinaciones.', 1299, 3, 2, 1, true, 3),
(45, 'Calvin Klein Diseño Con Franja', 'Un producto pensado para quienes valoran comodidad y diseño, brindando una experiencia práctica y versátil, ofreciendo una opción cómoda y práctica para diferentes momentos.', 1199, 1, 2, 5, true, 3),
(46, 'Calvin Klein Archive Logo Track', 'Este artículo ofrece un equilibrio entre estética y practicidad, manteniendo una estética contemporánea, permitiendo mantener un estilo actual en cualquier ocasión.', 2099, 7, 2, 2, true, 3),
(47, 'Calvin Klein Plisado', 'Un producto pensado para quienes valoran comodidad y diseño, ofreciendo comodidad durante todo el día, con un diseño pensado para adaptarse a diferentes estilos personales.', 2099, 6, 2, 2, true, 3),
(48, 'Calvin Klein Montura Rectangular', 'Una alternativa ideal para quienes buscan estilo moderno, permitiendo crear combinaciones variadas, con un diseño pensado para adaptarse a diferentes estilos personales.', 1829, 1, 4, 18, true, 3),
(49, 'Calvin', 'Una pieza versátil pensada para el uso diario, manteniendo una estética contemporánea, siendo una pieza práctica para complementar distintos outfits.', 4029, 4, 4, 18, true, 3),
(50, 'Hat Bouclé Calvin Klein', 'Este artículo combina estilo moderno y funcionalidad, integrándose perfectamente a tu guardarropa, permitiendo mantener un estilo actual en cualquier ocasión.', 1099, 12, 2, 14, true, 3),
(51, 'Deportivas Gary con detalles tejidos', 'Este producto destaca por su diseño atractivo y funcional, aportando un toque moderno a tu estilo personal, siendo una alternativa funcional para el uso cotidiano.', 13290, 2, 1, 10, true, 4),
(52, 'Sandalias con monograma y tiras de cierre por contacto', 'Un producto pensado para quienes valoran comodidad y diseño, aportando funcionalidad al uso cotidiano, ideal para quienes valoran diseño moderno y comodidad constante.', 13290, 1, 1, 12, true, 4),
(53, 'Sudadera de algodón con logo inspirado en el tenis', 'Este artículo ofrece un equilibrio entre estética y practicidad, permitiendo crear combinaciones variadas, ideal para quienes buscan versatilidad en su día a día.', 6490, 12, 1, 3, true, 4),
(54, 'Pantalones de chándal de algodón con insignia con monograma Double B', 'Este producto destaca por su diseño atractivo y funcional, ofreciendo comodidad durante todo el día, siendo una alternativa funcional para el uso cotidiano.', 6490, 11, 1, 2, true, 4),
(55, 'Botas hasta la rodilla en piel de becerro con pelo', 'Una alternativa ideal para quienes buscan estilo moderno, integrándose perfectamente a tu guardarropa, con un diseño pensado para adaptarse a diferentes estilos personales.', 12990, 10, 2, 11, true, 4),
(56, 'Botines de piel de pelo de poni', 'Este producto ha sido diseñado cuidadosamente, permitiendo combinarlo con diferentes outfits, perfecto para complementar cualquier conjunto con un toque moderno.', 12990, 1, 2, 11, true, 4),
(57, 'Botas de piel sintética con ribete metálico y tacón de 7 cm', 'Este artículo combina estilo moderno y funcionalidad, brindando una experiencia práctica y versátil, ideal para quienes valoran diseño moderno y comodidad constante.', 12990, 1, 2, 11, true, 4),
(58, 'Top asimétrico de algodón mercerizado con cuello en cascada', 'Este producto ha sido diseñado cuidadosamente, brindando una experiencia práctica y versátil, ideal para quienes buscan versatilidad en su día a día.', 3790, 1, 2, 9, true, 4),
(59, 'Tatum 4', 'Un diseño versátil que complementa distintos estilos, aportando un toque moderno a tu estilo personal, siendo una alternativa funcional para el uso cotidiano.', 3099, 6, 1, 10, true, 5),
(60, 'Air Jordan 1 Retro Low "Medium Olive and Summit White"', 'Este artículo combina estilo moderno y funcionalidad, permitiendo crear combinaciones variadas, ofreciendo una opción cómoda y práctica para diferentes momentos.', 3199, 5, 1, 10, true, 5),
(61, 'Air Jordan 1 Brooklyn', 'Un producto pensado para quienes valoran comodidad y diseño, manteniendo siempre una sensación de confort, siendo una alternativa funcional para el uso cotidiano.', 3899, 2, 2, 11, true, 5),
(62, 'Jordan Franchise Chanclas', 'Este producto ha sido diseñado cuidadosamente, ofreciendo comodidad durante todo el día, siendo una alternativa funcional para el uso cotidiano.', 899, 1, 4, 12, true, 5),
(63, 'Air Jordan 1 Low', 'Una pieza versátil pensada para el uso diario, ofreciendo comodidad durante todo el día, ofreciendo una opción cómoda y práctica para diferentes momentos.', 2899, 7, 2, 10, true, 5),
(64, 'Jordan 1 Mid SE', 'Una pieza creada para acompañar tu estilo cotidiano, adaptándose fácilmente a diferentes ocasiones, aportando estilo sin sacrificar comodidad ni practicidad.', 1899, 11, 3, 10, true, 5),
(65, 'Air Jordan 1 Low', 'Un producto pensado para quienes valoran comodidad y diseño, manteniendo siempre una sensación de confort, aportando estilo sin sacrificar comodidad ni practicidad.', 2899, 12, 2, 10, true, 5),
(66, 'Jordan Flight Club', 'Una opción moderna que se adapta fácilmente, permitiendo combinarlo con diferentes outfits, con un diseño pensado para adaptarse a diferentes estilos personales.', 3149, 1, 2, 4, true, 5),
(67, 'Jordan Trunner LX', 'Una pieza creada para acompañar tu estilo cotidiano, ofreciendo comodidad durante todo el día, perfecto para complementar cualquier conjunto con un toque moderno.', 3099, 12, 2, 10, true, 5),
(68, 'Air Jordan 1 Low', 'Una opción moderna que se adapta fácilmente, ofreciendo comodidad durante todo el día, con una estética atractiva que se adapta a múltiples combinaciones.', 2899, 2, 2, 10, true, 5),
(69, 'Air Jordan 1 Brooklyn', 'Un diseño versátil que complementa distintos estilos, manteniendo siempre una sensación de confort, aportando estilo sin sacrificar comodidad ni practicidad.', 3999, 1, 2, 11, true, 5),
(70, 'Jordan 1 Low Alt SE', 'Una pieza creada para acompañar tu estilo cotidiano, manteniendo una estética contemporánea, ofreciendo una opción cómoda y práctica para diferentes momentos.', 1549, 7, 3, 10, true, 5),
(71, 'Jordan NOLA', 'Una alternativa ideal para quienes buscan estilo moderno, integrándose perfectamente a tu guardarropa, siendo una pieza práctica para complementar distintos outfits.', 1099, 3, 2, 12, true, 5),
(72, 'Camiseta manga larga 100% algodón', 'Este artículo ofrece un equilibrio entre estética y practicidad, manteniendo una estética contemporánea, con una estética atractiva que se adapta a múltiples combinaciones.', 999, 2, 2, 8, true, 6),
(73, 'Suéter combinado con detalle de encaje', 'Un diseño versátil que complementa distintos estilos, adaptándose fácilmente a diferentes ocasiones, permitiendo mantener un estilo actual en cualquier ocasión.', 1995, 1, 2, 3, true, 6),
(74, 'Camiseta manga larga rayas algodón', 'Este producto destaca por su diseño atractivo y funcional, aportando un toque moderno a tu estilo personal, perfecto para complementar cualquier conjunto con un toque moderno.', 999, 3, 2, 8, true, 6),
(75, 'Camiseta manga larga detalle encaje', 'Una pieza creada para acompañar tu estilo cotidiano, manteniendo siempre una sensación de confort, siendo una alternativa funcional para el uso cotidiano.', 1695, 11, 2, 8, true, 6),
(76, 'Zapato tacón destalonado', 'Una pieza versátil pensada para el uso diario, manteniendo una estética contemporánea, ofreciendo una opción cómoda y práctica para diferentes momentos.', 2995, 12, 2, 13, true, 6),
(77, 'Bailarina tacón', 'Una opción moderna que se adapta fácilmente, brindando una experiencia práctica y versátil, ideal para quienes buscan versatilidad en su día a día.', 2995, 1, 2, 13, true, 6),
(78, 'Botín plano piel craquelada', 'Este artículo ofrece un equilibrio entre estética y practicidad, manteniendo siempre una sensación de confort, ofreciendo una opción cómoda y práctica para diferentes momentos.', 4595, 11, 2, 11, true, 6),
(79, 'Pantalón fluido con rayas y detalle de fajín', 'Un diseño versátil que complementa distintos estilos, permitiendo combinarlo con diferentes outfits, siendo una alternativa funcional para el uso cotidiano.', 2995, 5, 2, 2, true, 6),
(80, 'Pantalón bombacho lazada lana', 'Este artículo ofrece un equilibrio entre estética y practicidad, permitiendo crear combinaciones variadas, siendo una pieza práctica para complementar distintos outfits.', 2795, 1, 2, 2, true, 6),
(81, 'Chamarra mezcla algodón', 'Una pieza creada para acompañar tu estilo cotidiano, manteniendo una estética contemporánea, con una estética atractiva que se adapta a múltiples combinaciones.', 3995, 4, 1, 4, true, 6),
(82, 'Cazadora corta reversible', 'Una opción moderna que se adapta fácilmente, permitiendo crear combinaciones variadas, ideal para quienes buscan versatilidad en su día a día.', 3295, 7, 1, 4, true, 6),
(83, 'Chaqueta acolchada bolsillos water repellent', 'Una pieza creada para acompañar tu estilo cotidiano, aportando funcionalidad al uso cotidiano, con una estética atractiva que se adapta a múltiples combinaciones.', 3995, 5, 1, 4, true, 6),
(84, 'Bolso de viaje piel ante', 'Una opción moderna que se adapta fácilmente, integrándose perfectamente a tu guardarropa, ideal para quienes buscan versatilidad en su día a día.', 9995, 11, 1, 16, true, 6),
(85, 'Gafas de sol metálicas cuadradas', 'Este artículo combina estilo moderno y funcionalidad, aportando un toque moderno a tu estilo personal, con una estética atractiva que se adapta a múltiples combinaciones.', 1995, 5, 1, 18, true, 6),
(86, 'Camiseta medium weight 100% algodón', 'Un producto pensado para quienes valoran comodidad y diseño, adaptándose fácilmente a diferentes ocasiones, ideal para quienes valoran diseño moderno y comodidad constante.', 799, 8, 1, 8, true, 6),
(87, 'Camiseta manga corta algodón', 'Un producto pensado para quienes valoran comodidad y diseño, permitiendo crear combinaciones variadas, siendo una pieza práctica para complementar distintos outfits.', 999, 5, 1, 8, true, 6),
(88, 'Oracle Red Bull Racing Team 9SEVENTY Snapback', 'Este artículo combina estilo moderno y funcionalidad, aportando un toque moderno a tu estilo personal, permitiendo mantener un estilo actual en cualquier ocasión.', 1299, 4, 4, 14, true, 7),
(89, 'McLaren Formula 1 Team 59FIFTY Cerrada', 'Este artículo combina estilo moderno y funcionalidad, permitiendo combinarlo con diferentes outfits, siendo una pieza práctica para complementar distintos outfits.', 1599, 8, 4, 14, true, 7),
(90, 'BWT Alpine F1 Team Pierre Gasly Silverstone Race Special 2025 9SEVENTY Snapback', 'Un diseño versátil que complementa distintos estilos, manteniendo una estética contemporánea, ofreciendo una opción cómoda y práctica para diferentes momentos.', 1499, 3, 4, 14, true, 7),
(91, 'BWT Alpine F1 Team Japan Race Special 2025 9SEVENTY Snapback', 'Este artículo combina estilo moderno y funcionalidad, integrándose perfectamente a tu guardarropa, perfecto para complementar cualquier conjunto con un toque moderno.', 1499, 2, 4, 14, true, 7),
(92, 'Visa Cash App Racing Bulls Yuki Tsunoda Knit', 'Una pieza creada para acompañar tu estilo cotidiano, aportando funcionalidad al uso cotidiano, perfecto para complementar cualquier conjunto con un toque moderno.', 999, 4, 4, 14, true, 7),
(93, 'Oracle Red Bull Racing Team Knit para Niña o Niño', 'Este artículo ofrece un equilibrio entre estética y practicidad, permitiendo crear combinaciones variadas, ideal para quienes valoran diseño moderno y comodidad constante.', 999, 4, 3, 14, true, 7),
(94, 'Air Force 1 07 LV8', 'Una pieza creada para acompañar tu estilo cotidiano, aportando funcionalidad al uso cotidiano, permitiendo mantener un estilo actual en cualquier ocasión.', 2999, 12, 1, 10, true, 8),
(95, 'Nike Air Max Moto 2K', 'Una opción moderna que se adapta fácilmente, permitiendo combinarlo con diferentes outfits, ofreciendo una opción cómoda y práctica para diferentes momentos.', 3099, 1, 1, 10, true, 8),
(96, 'Nike Astrograbber Textile', 'Un producto pensado para quienes valoran comodidad y diseño, integrándose perfectamente a tu guardarropa, ideal para quienes valoran diseño moderno y comodidad constante.', 2699, 5, 2, 10, true, 8),
(97, 'Nike Astrograbber de cuero', 'Una opción moderna que se adapta fácilmente, aportando un toque moderno a tu estilo personal, aportando estilo sin sacrificar comodidad ni practicidad.', 2899, 3, 2, 10, true, 8),
(98, 'Nike Court Vision Low Tenis para mujer', 'Un producto pensado para quienes valoran comodidad y diseño, permitiendo crear combinaciones variadas, aportando estilo sin sacrificar comodidad ni practicidad.', 1799, 3, 2, 10, true, 8),
(99, 'Pants de tejido Woven entallados', 'Una pieza versátil pensada para el uso diario, brindando una experiencia práctica y versátil, ideal para quienes valoran diseño moderno y comodidad constante.', 1499, 1, 1, 2, true, 8),
(100, 'Chamarra Impermeable Venture 2', 'Este artículo ofrece un equilibrio entre estética y practicidad, aportando funcionalidad al uso cotidiano, siendo una alternativa funcional para el uso cotidiano.', 2990, 4, 1, 1, true, 9),
(101, 'Chamarra de Pluma con gorro Belleview Stretch', 'Este producto destaca por su diseño atractivo y funcional, manteniendo una estética contemporánea, ideal para quienes buscan versatilidad en su día a día.', 6450, 1, 1, 1, true, 9),
(102, 'Chamarra de Pluma 1996 Retro Nuptse', 'Una opción moderna que se adapta fácilmente, aportando funcionalidad al uso cotidiano, con una estética atractiva que se adapta a múltiples combinaciones.', 5592, 5, 1, 4, true, 9),
(103, 'Chamarra de Pluma 1996 Retro Nuptse', 'Una opción moderna que se adapta fácilmente, manteniendo siempre una sensación de confort, siendo una alternativa funcional para el uso cotidiano.', 6990, 11, 1, 4, true, 9),
(104, 'Playera M Woodland Wanderer Regular Short Sleeve', 'Un producto pensado para quienes valoran comodidad y diseño, manteniendo una estética contemporánea, ideal para quienes valoran diseño moderno y comodidad constante.', 690, 1, 1, 1, true, 9),
(105, 'Playera TNF Core Box NSE', 'Un diseño versátil que complementa distintos estilos, integrándose perfectamente a tu guardarropa, siendo una pieza práctica para complementar distintos outfits.', 890, 3, 1, 1, true, 9),
(106, 'Camisa ligera Arroyo Flannel', 'Este producto destaca por su diseño atractivo y funcional, ofreciendo comodidad durante todo el día, perfecto para complementar cualquier conjunto con un toque moderno.', 1323, 7, 1, 8, true, 9),
(107, 'Calcetines para Correr', 'Un producto pensado para quienes valoran comodidad y diseño, aportando funcionalidad al uso cotidiano, siendo una alternativa funcional para el uso cotidiano.', 392, 5, 1, 7, true, 9),
(108, 'Calcetas Everyday Crew Tnf Icons Sock -2P', 'Una opción moderna que se adapta fácilmente, aportando funcionalidad al uso cotidiano, con un diseño pensado para adaptarse a diferentes estilos personales.', 690, 1, 1, 7, true, 9),
(109, 'Sudadera W All Day Beauty Regular Hoodie', 'Este producto destaca por su diseño atractivo y funcional, permitiendo crear combinaciones variadas, siendo una pieza práctica para complementar distintos outfits.', 1490, 2, 2, 3, true, 9),
(110, 'Sudadera W Evolution Simple Dome Regular 1/4 Zip', 'Un producto pensado para quienes valoran comodidad y diseño, permitiendo crear combinaciones variadas, ideal para quienes buscan versatilidad en su día a día.', 1590, 5, 2, 3, true, 9),
(111, 'Sudadera Evolution Simple Dome Regular', 'Este artículo ofrece un equilibrio entre estética y practicidad, ofreciendo comodidad durante todo el día, ofreciendo una opción cómoda y práctica para diferentes momentos.', 1590, 9, 2, 3, true, 9),
(112, 'Parka de Pluma Summit Himalayan', 'Este producto destaca por su diseño atractivo y funcional, brindando una experiencia práctica y versátil, con un diseño pensado para adaptarse a diferentes estilos personales.', 14990, 8, 2, 4, true, 9),
(113, 'Chamarra Puffer Aconcagua', 'Una alternativa ideal para quienes buscan estilo moderno, aportando funcionalidad al uso cotidiano, ideal para quienes buscan versatilidad en su día a día.', 3192, 2, 2, 4, true, 9),
(114, 'Gorra Mudder Trucker', 'Este producto ha sido diseñado cuidadosamente, permitiendo combinarlo con diferentes outfits, perfecto para complementar cualquier conjunto con un toque moderno.', 483, 4, 2, 14, true, 9),
(115, 'Gorra 66 Classic Unisex', 'Una alternativa ideal para quienes buscan estilo moderno, aportando funcionalidad al uso cotidiano, ideal para quienes buscan versatilidad en su día a día.', 520, 10, 4, 14, true, 9),
(116, 'Playera Slim Acanalada Con Parche De Mujer Tommy Jeans', 'Este artículo combina estilo moderno y funcionalidad, adaptándose fácilmente a diferentes ocasiones, siendo una alternativa funcional para el uso cotidiano.', 799, 1, 2, 1, true, 10),
(117, 'Playera Acanalada Slim De Cuello Redondo De Mujer Tommy Jeans', 'Una pieza versátil pensada para el uso diario, adaptándose fácilmente a diferentes ocasiones, perfecto para complementar cualquier conjunto con un toque moderno.', 799, 3, 2, 1, true, 10),
(118, 'Playera Acanalada Slim De Cuello Redondo De Mujer Tommy Jeans', 'Este producto ha sido diseñado cuidadosamente, ofreciendo comodidad durante todo el día, con una estética atractiva que se adapta a múltiples combinaciones.', 799, 5, 2, 1, true, 10),
(119, 'Playera Classic Amplia Con Logo Flocado De Mujer Tommy Hilfiger', 'Un diseño versátil que complementa distintos estilos, brindando una experiencia práctica y versátil, siendo una alternativa funcional para el uso cotidiano.', 1990, 9, 2, 1, true, 10),
(120, 'Sudadera Amplia De Felpa Flexible De Mujer Tommy Hilfiger', 'Una alternativa ideal para quienes buscan estilo moderno, integrándose perfectamente a tu guardarropa, ofreciendo una opción cómoda y práctica para diferentes momentos.', 1599, 12, 2, 3, true, 10),
(121, 'Sudadera Amplia De Felpa Flexible De Mujer Tommy Hilfiger', 'Un diseño versátil que complementa distintos estilos, aportando un toque moderno a tu estilo personal, siendo una pieza práctica para complementar distintos outfits.', 1599, 1, 2, 3, true, 10),
(122, 'Chamarra Bomber En Mezcla De Lana De Mujer Tommy Hilfiger', 'Una alternativa ideal para quienes buscan estilo moderno, aportando funcionalidad al uso cotidiano, ideal para quienes valoran diseño moderno y comodidad constante.', 8399, 10, 2, 4, true, 10),
(123, 'Chamarra De Mezclilla  Con Logo Bordado De Mujer Tommy Hilfiger', 'Este artículo ofrece un equilibrio entre estética y practicidad, brindando una experiencia práctica y versátil, con un diseño pensado para adaptarse a diferentes estilos personales.', 4399, 4, 2, 4, true, 10),
(124, 'Chamarra funcional con diseño moderno y detalles', 'Este artículo combina estilo moderno y funcionalidad, manteniendo siempre una sensación de confort, ideal para quienes buscan versatilidad en su día a día.', 4799, 2, 2, 4, true, 10),
(125, 'Chamarra En Mezcla De Lana De Mujer Tommy Hilfiger', 'Un producto pensado para quienes valoran comodidad y diseño, manteniendo una estética contemporánea, perfecto para complementar cualquier conjunto con un toque moderno.', 9299, 7, 2, 4, true, 10),
(126, 'Chamarra vaquera corta oversize de mujer Tommy Hilfiger', 'Un producto pensado para quienes valoran comodidad y diseño, integrándose perfectamente a tu guardarropa, aportando estilo sin sacrificar comodidad ni practicidad.', 1799, 4, 2, 4, true, 10),
(127, 'Botines De Piel Con Cordones Y Suela Dentada De Hombre Tommy Jeans', 'Una pieza creada para acompañar tu estilo cotidiano, permitiendo combinarlo con diferentes outfits, perfecto para complementar cualquier conjunto con un toque moderno.', 2799, 1, 1, 5, true, 10),
(128, 'Botines Chelsea De Piel Con Suela Gruesa De Hombre Tommy Hilfiger', 'Una pieza creada para acompañar tu estilo cotidiano, aportando funcionalidad al uso cotidiano, aportando estilo sin sacrificar comodidad ni practicidad.', 4199, 4, 1, 11, true, 10),
(129, 'Botas de montar de piel con monograma TH de mujer Tommy Hilfiger', 'Este artículo ofrece un equilibrio entre estética y practicidad, manteniendo una estética contemporánea, aportando estilo sin sacrificar comodidad ni practicidad.', 4899, 1, 2, 11, true, 10),
(130, 'Botines de agua con forro cálido de mujer Tommy Hilfiger', 'Una pieza versátil pensada para el uso diario, permitiendo combinarlo con diferentes outfits, aportando estilo sin sacrificar comodidad ni practicidad.', 2999, 3, 2, 11, true, 10);


INSERT INTO "StockPorTalla" ("id_producto", "id_talla", "stock") VALUES 
(1, 7, 51),
(1, 8, 97),
(1, 9, 77),
(1, 10, 23),
(1, 11, 88),
(1, 12, 42),
(1, 13, 39),
(1, 14, 90),
(1, 15, 50),
(1, 16, 10),
(1, 17, 86),
(1, 18, 72),
(1, 19, 20),
(2, 7, 89),
(2, 8, 98),
(2, 9, 93),
(2, 10, 30),
(2, 11, 22),
(2, 12, 89),
(2, 13, 7),
(2, 14, 40),
(2, 15, 3),
(2, 16, 58),
(2, 17, 25),
(2, 18, 57),
(2, 19, 100),
(3, 7, 11),
(3, 8, 79),
(3, 9, 15),
(3, 10, 93),
(3, 11, 5),
(3, 12, 89),
(3, 13, 41),
(3, 14, 94),
(3, 15, 60),
(3, 16, 24),
(3, 17, 17),
(3, 18, 91),
(3, 19, 19),
(4, 7, 3),
(4, 8, 79),
(4, 9, 42),
(4, 10, 12),
(4, 11, 37),
(4, 12, 91),
(4, 13, 66),
(4, 14, 9),
(4, 15, 87),
(4, 16, 32),
(4, 17, 67),
(4, 18, 42),
(4, 19, 39),
(5, 7, 55),
(5, 8, 17),
(5, 9, 69),
(5, 10, 38),
(5, 11, 99),
(5, 12, 92),
(5, 13, 66),
(5, 14, 63),
(5, 15, 39),
(5, 16, 55),
(5, 17, 55),
(5, 18, 29),
(5, 19, 30),
(6, 7, 2),
(6, 8, 68),
(6, 9, 44),
(6, 10, 93),
(6, 11, 96),
(6, 12, 30),
(6, 13, 92),
(6, 14, 24),
(6, 15, 57),
(6, 16, 59),
(6, 17, 12),
(6, 18, 72),
(6, 19, 94),
(7, 7, 1),
(7, 8, 45),
(7, 9, 90),
(7, 10, 76),
(7, 11, 72),
(7, 12, 44),
(7, 13, 63),
(7, 14, 62),
(7, 15, 52),
(7, 16, 86),
(7, 17, 2),
(7, 18, 54),
(7, 19, 48),
(8, 7, 65),
(8, 8, 15),
(8, 9, 3),
(8, 10, 49),
(8, 11, 92),
(8, 12, 42),
(8, 13, 56),
(8, 14, 94),
(8, 15, 18),
(8, 16, 77),
(8, 17, 53),
(8, 18, 20),
(8, 19, 5),
(9, 7, 79),
(9, 8, 49),
(9, 9, 57),
(9, 10, 35),
(9, 11, 40),
(9, 12, 45),
(9, 13, 37),
(9, 14, 23),
(9, 15, 98),
(9, 16, 82),
(9, 17, 3),
(9, 18, 95),
(9, 19, 37),
(10, 1, 45),
(10, 2, 15),
(10, 3, 88),
(10, 4, 42),
(10, 5, 31),
(10, 6, 36),
(11, 1, 29),
(11, 2, 28),
(11, 3, 3),
(11, 4, 76),
(11, 5, 80),
(11, 6, 34),
(12, 1, 56),
(12, 2, 98),
(12, 3, 25),
(12, 4, 77),
(12, 5, 37),
(12, 6, 16),
(13, 1, 99),
(13, 2, 81),
(13, 3, 79),
(13, 4, 5),
(13, 5, 41),
(13, 6, 97),
(14, 1, 73),
(14, 2, 25),
(14, 3, 61),
(14, 4, 84),
(14, 5, 71),
(14, 6, 21),
(15, 1, 50),
(15, 2, 79),
(15, 3, 71),
(15, 4, 26),
(15, 5, 46),
(15, 6, 64),
(16, 1, 51),
(16, 2, 17),
(16, 3, 14),
(16, 4, 42),
(16, 5, 29),
(16, 6, 59),
(17, 1, 4),
(17, 2, 98),
(17, 3, 33),
(17, 4, 2),
(17, 5, 61),
(17, 6, 8),
(18, 1, 5),
(18, 2, 91),
(18, 3, 6),
(18, 4, 78),
(18, 5, 60),
(18, 6, 74),
(19, 1, 10),
(19, 2, 64),
(19, 3, 21),
(19, 4, 33),
(19, 5, 7),
(19, 6, 87),
(20, 1, 79),
(20, 2, 71),
(20, 3, 47),
(20, 4, 13),
(20, 5, 44),
(20, 6, 42),
(21, 1, 22),
(21, 2, 45),
(21, 3, 21),
(21, 4, 45),
(21, 5, 70),
(21, 6, 80),
(22, 20, 84),
(23, 20, 85),
(24, 1, 9),
(24, 2, 88),
(24, 3, 87),
(24, 4, 97),
(24, 5, 22),
(24, 6, 52),
(25, 1, 34),
(25, 2, 38),
(25, 3, 74),
(25, 4, 32),
(25, 5, 90),
(25, 6, 41),
(26, 1, 63),
(26, 2, 68),
(26, 3, 24),
(26, 4, 39),
(26, 5, 82),
(26, 6, 73),
(27, 1, 41),
(27, 2, 89),
(27, 3, 22),
(27, 4, 97),
(27, 5, 62),
(27, 6, 88),
(28, 1, 16),
(28, 2, 10),
(28, 3, 80),
(28, 4, 82),
(28, 5, 17),
(28, 6, 85),
(29, 20, 42),
(30, 20, 94),
(31, 1, 49),
(31, 2, 21),
(31, 3, 73),
(31, 4, 73),
(31, 5, 60),
(31, 6, 47),
(32, 1, 32),
(32, 2, 78),
(32, 3, 62),
(32, 4, 58),
(32, 5, 19),
(32, 6, 47),
(33, 1, 72),
(33, 2, 30),
(33, 3, 12),
(33, 4, 78),
(33, 5, 63),
(33, 6, 14),
(34, 1, 24),
(34, 2, 9),
(34, 3, 79),
(34, 4, 41),
(34, 5, 38),
(34, 6, 22),
(35, 1, 25),
(35, 2, 89),
(35, 3, 40),
(35, 4, 64),
(35, 5, 4),
(35, 6, 20),
(36, 1, 86),
(36, 2, 32),
(36, 3, 92),
(36, 4, 36),
(36, 5, 98),
(36, 6, 6),
(37, 1, 65),
(37, 2, 71),
(37, 3, 22),
(37, 4, 43),
(37, 5, 61),
(37, 6, 53),
(38, 1, 70),
(38, 2, 66),
(38, 3, 15),
(38, 4, 19),
(38, 5, 43),
(38, 6, 75),
(39, 1, 37),
(39, 2, 74),
(39, 3, 6),
(39, 4, 17),
(39, 5, 23),
(39, 6, 36),
(40, 20, 20),
(41, 1, 9),
(41, 2, 72),
(41, 3, 31),
(41, 4, 43),
(41, 5, 6),
(41, 6, 29),
(42, 1, 65),
(42, 2, 65),
(42, 3, 36),
(42, 4, 55),
(42, 5, 17),
(42, 6, 87),
(43, 1, 25),
(43, 2, 70),
(43, 3, 20),
(43, 4, 38),
(43, 5, 24),
(43, 6, 54),
(44, 1, 26),
(44, 2, 82),
(44, 3, 66),
(44, 4, 38),
(44, 5, 43),
(44, 6, 67),
(45, 1, 42),
(45, 2, 74),
(45, 3, 54),
(45, 4, 49),
(45, 5, 28),
(45, 6, 32),
(46, 1, 10),
(46, 2, 23),
(46, 3, 69),
(46, 4, 70),
(46, 5, 14),
(46, 6, 10),
(47, 1, 82),
(47, 2, 62),
(47, 3, 82),
(47, 4, 42),
(47, 5, 99),
(47, 6, 41),
(48, 20, 15),
(49, 20, 94),
(50, 20, 30),
(51, 7, 69),
(51, 8, 78),
(51, 9, 4),
(51, 10, 100),
(51, 11, 96),
(51, 12, 32),
(51, 13, 58),
(51, 14, 11),
(51, 15, 39),
(51, 16, 100),
(51, 17, 22),
(51, 18, 11),
(51, 19, 24),
(52, 7, 3),
(52, 8, 69),
(52, 9, 87),
(52, 10, 89),
(52, 11, 57),
(52, 12, 77),
(52, 13, 47),
(52, 14, 73),
(52, 15, 79),
(52, 16, 61),
(52, 17, 56),
(52, 18, 41),
(52, 19, 33),
(53, 1, 94),
(53, 2, 65),
(53, 3, 8),
(53, 4, 3),
(53, 5, 61),
(53, 6, 2),
(54, 1, 35),
(54, 2, 97),
(54, 3, 20),
(54, 4, 92),
(54, 5, 64),
(54, 6, 56),
(55, 7, 32),
(55, 8, 98),
(55, 9, 81),
(55, 10, 8),
(55, 11, 32),
(55, 12, 7),
(55, 13, 72),
(55, 14, 20),
(55, 15, 58),
(55, 16, 25),
(55, 17, 56),
(55, 18, 88),
(55, 19, 75),
(56, 7, 67),
(56, 8, 81),
(56, 9, 19),
(56, 10, 17),
(56, 11, 58),
(56, 12, 18),
(56, 13, 80),
(56, 14, 47),
(56, 15, 39),
(56, 16, 28),
(56, 17, 75),
(56, 18, 77),
(56, 19, 31),
(57, 7, 45),
(57, 8, 8),
(57, 9, 71),
(57, 10, 1),
(57, 11, 15),
(57, 12, 28),
(57, 13, 11),
(57, 14, 15),
(57, 15, 80),
(57, 16, 3),
(57, 17, 95),
(57, 18, 84),
(57, 19, 85),
(58, 1, 2),
(58, 2, 94),
(58, 3, 16),
(58, 4, 14),
(58, 5, 96),
(58, 6, 98),
(59, 7, 17),
(59, 8, 27),
(59, 9, 74),
(59, 10, 66),
(59, 11, 33),
(59, 12, 69),
(59, 13, 46),
(59, 14, 59),
(59, 15, 6),
(59, 16, 56),
(59, 17, 8),
(59, 18, 53),
(59, 19, 22),
(60, 7, 53),
(60, 8, 95),
(60, 9, 53),
(60, 10, 57),
(60, 11, 64),
(60, 12, 36),
(60, 13, 54),
(60, 14, 89),
(60, 15, 53),
(60, 16, 15),
(60, 17, 59),
(60, 18, 11),
(60, 19, 98),
(61, 7, 21),
(61, 8, 69),
(61, 9, 30),
(61, 10, 58),
(61, 11, 82),
(61, 12, 85),
(61, 13, 11),
(61, 14, 9),
(61, 15, 4),
(61, 16, 97),
(61, 17, 67),
(61, 18, 44),
(61, 19, 1),
(62, 7, 24),
(62, 8, 93),
(62, 9, 31),
(62, 10, 90),
(62, 11, 82),
(62, 12, 13),
(62, 13, 37),
(62, 14, 73),
(62, 15, 49),
(62, 16, 98),
(62, 17, 83),
(62, 18, 76),
(62, 19, 13),
(63, 7, 17),
(63, 8, 59),
(63, 9, 38),
(63, 10, 64),
(63, 11, 80),
(63, 12, 22),
(63, 13, 34),
(63, 14, 2),
(63, 15, 90),
(63, 16, 15),
(63, 17, 31),
(63, 18, 16),
(63, 19, 54),
(64, 7, 88),
(64, 8, 40),
(64, 9, 17),
(64, 10, 21),
(64, 11, 28),
(64, 12, 2),
(64, 13, 93),
(64, 14, 35),
(64, 15, 18),
(64, 16, 49),
(64, 17, 4),
(64, 18, 33),
(64, 19, 8),
(65, 7, 49),
(65, 8, 10),
(65, 9, 75),
(65, 10, 87),
(65, 11, 82),
(65, 12, 41),
(65, 13, 56),
(65, 14, 12),
(65, 15, 31),
(65, 16, 75),
(65, 17, 57),
(65, 18, 87),
(65, 19, 34),
(66, 1, 84),
(66, 2, 84),
(66, 3, 17),
(66, 4, 4),
(66, 5, 82),
(66, 6, 5),
(67, 7, 3),
(67, 8, 34),
(67, 9, 73),
(67, 10, 4),
(67, 11, 81),
(67, 12, 71),
(67, 13, 89),
(67, 14, 96),
(67, 15, 64),
(67, 16, 41),
(67, 17, 89),
(67, 18, 25),
(67, 19, 40),
(68, 7, 86),
(68, 8, 78),
(68, 9, 94),
(68, 10, 39),
(68, 11, 8),
(68, 12, 32),
(68, 13, 20),
(68, 14, 73),
(68, 15, 61),
(68, 16, 98),
(68, 17, 30),
(68, 18, 59),
(68, 19, 5),
(69, 7, 1),
(69, 8, 92),
(69, 9, 70),
(69, 10, 88),
(69, 11, 37),
(69, 12, 10),
(69, 13, 83),
(69, 14, 45),
(69, 15, 80),
(69, 16, 31),
(69, 17, 37),
(69, 18, 86),
(69, 19, 57),
(70, 7, 20),
(70, 8, 77),
(70, 9, 42),
(70, 10, 98),
(70, 11, 14),
(70, 12, 36),
(70, 13, 4),
(70, 14, 49),
(70, 15, 48),
(70, 16, 15),
(70, 17, 100),
(70, 18, 82),
(70, 19, 86),
(71, 7, 4),
(71, 8, 62),
(71, 9, 69),
(71, 10, 40),
(71, 11, 90),
(71, 12, 46),
(71, 13, 53),
(71, 14, 66),
(71, 15, 83),
(71, 16, 22),
(71, 17, 83),
(71, 18, 64),
(71, 19, 74),
(72, 1, 83),
(72, 2, 69),
(72, 3, 45),
(72, 4, 71),
(72, 5, 56),
(72, 6, 30),
(73, 1, 78),
(73, 2, 33),
(73, 3, 79),
(73, 4, 48),
(73, 5, 88),
(73, 6, 72),
(74, 1, 55),
(74, 2, 87),
(74, 3, 12),
(74, 4, 50),
(74, 5, 68),
(74, 6, 17),
(75, 1, 57),
(75, 2, 4),
(75, 3, 62),
(75, 4, 63),
(75, 5, 65),
(75, 6, 44),
(76, 7, 35),
(76, 8, 49),
(76, 9, 3),
(76, 10, 98),
(76, 11, 85),
(76, 12, 93),
(76, 13, 64),
(76, 14, 42),
(76, 15, 16),
(76, 16, 90),
(76, 17, 12),
(76, 18, 11),
(76, 19, 57),
(77, 7, 33),
(77, 8, 18),
(77, 9, 61),
(77, 10, 61),
(77, 11, 48),
(77, 12, 31),
(77, 13, 26),
(77, 14, 55),
(77, 15, 15),
(77, 16, 80),
(77, 17, 81),
(77, 18, 63),
(77, 19, 59),
(78, 7, 81),
(78, 8, 6),
(78, 9, 63),
(78, 10, 31),
(78, 11, 86),
(78, 12, 91),
(78, 13, 6),
(78, 14, 61),
(78, 15, 31),
(78, 16, 95),
(78, 17, 75),
(78, 18, 6),
(78, 19, 76),
(79, 1, 52),
(79, 2, 66),
(79, 3, 84),
(79, 4, 5),
(79, 5, 1),
(79, 6, 7),
(80, 7, 64),
(80, 8, 61),
(80, 9, 10),
(80, 10, 86),
(80, 11, 56),
(80, 12, 62),
(80, 13, 40),
(80, 14, 37),
(80, 15, 44),
(80, 16, 62),
(80, 17, 100),
(80, 18, 89),
(80, 19, 45),
(81, 1, 16),
(81, 2, 35),
(81, 3, 75),
(81, 4, 20),
(81, 5, 67),
(81, 6, 34),
(82, 1, 21),
(82, 2, 72),
(82, 3, 99),
(82, 4, 12),
(82, 5, 29),
(82, 6, 3),
(83, 1, 30),
(83, 2, 66),
(83, 3, 4),
(83, 4, 38),
(83, 5, 52),
(83, 6, 92),
(84, 20, 97),
(85, 20, 5),
(86, 1, 28),
(86, 2, 93),
(86, 3, 83),
(86, 4, 94),
(86, 5, 57),
(86, 6, 2),
(87, 1, 17),
(87, 2, 92),
(87, 3, 10),
(87, 4, 19),
(87, 5, 76),
(87, 6, 8),
(88, 20, 96),
(89, 20, 48),
(90, 20, 92),
(91, 20, 52),
(92, 20, 35),
(93, 20, 6),
(94, 7, 19),
(94, 8, 73),
(94, 9, 21),
(94, 10, 67),
(94, 11, 14),
(94, 12, 10),
(94, 13, 23),
(94, 14, 47),
(94, 15, 55),
(94, 16, 15),
(94, 17, 51),
(94, 18, 58),
(94, 19, 5),
(95, 7, 41),
(95, 8, 53),
(95, 9, 67),
(95, 10, 19),
(95, 11, 27),
(95, 12, 39),
(95, 13, 15),
(95, 14, 50),
(95, 15, 55),
(95, 16, 75),
(95, 17, 34),
(95, 18, 43),
(95, 19, 10),
(96, 7, 31),
(96, 8, 97),
(96, 9, 88),
(96, 10, 56),
(96, 11, 98),
(96, 12, 74),
(96, 13, 35),
(96, 14, 9),
(96, 15, 47),
(96, 16, 66),
(96, 17, 41),
(96, 18, 33),
(96, 19, 31),
(97, 7, 66),
(97, 8, 96),
(97, 9, 86),
(97, 10, 44),
(97, 11, 74),
(97, 12, 20),
(97, 13, 12),
(97, 14, 71),
(97, 15, 66),
(97, 16, 6),
(97, 17, 59),
(97, 18, 99),
(97, 19, 3),
(98, 7, 36),
(98, 8, 4),
(98, 9, 63),
(98, 10, 27),
(98, 11, 90),
(98, 12, 81),
(98, 13, 81),
(98, 14, 77),
(98, 15, 98),
(98, 16, 66),
(98, 17, 33),
(98, 18, 32),
(98, 19, 26),
(99, 1, 32),
(99, 2, 34),
(99, 3, 63),
(99, 4, 4),
(99, 5, 98),
(99, 6, 35),
(100, 1, 18),
(100, 2, 39),
(100, 3, 47),
(100, 4, 73),
(100, 5, 91),
(100, 6, 22),
(101, 1, 52),
(101, 2, 85),
(101, 3, 62),
(101, 4, 45),
(101, 5, 98),
(101, 6, 33),
(102, 1, 65),
(102, 2, 74),
(102, 3, 97),
(102, 4, 42),
(102, 5, 33),
(102, 6, 38),
(103, 1, 28),
(103, 2, 37),
(103, 3, 79),
(103, 4, 3),
(103, 5, 40),
(103, 6, 33),
(104, 1, 23),
(104, 2, 30),
(104, 3, 73),
(104, 4, 81),
(104, 5, 39),
(104, 6, 2),
(105, 1, 46),
(105, 2, 87),
(105, 3, 73),
(105, 4, 97),
(105, 5, 32),
(105, 6, 56),
(106, 1, 82),
(106, 2, 89),
(106, 3, 3),
(106, 4, 74),
(106, 5, 85),
(106, 6, 9),
(107, 1, 35),
(107, 2, 7),
(107, 3, 32),
(107, 4, 4),
(107, 5, 25),
(107, 6, 29),
(108, 1, 72),
(108, 2, 48),
(108, 3, 3),
(108, 4, 54),
(108, 5, 92),
(108, 6, 24),
(109, 1, 20),
(109, 2, 48),
(109, 3, 48),
(109, 4, 100),
(109, 5, 43),
(109, 6, 22),
(110, 1, 16),
(110, 2, 23),
(110, 3, 91),
(110, 4, 12),
(110, 5, 100),
(110, 6, 59),
(111, 1, 98),
(111, 2, 32),
(111, 3, 73),
(111, 4, 92),
(111, 5, 23),
(111, 6, 70),
(112, 1, 30),
(112, 2, 72),
(112, 3, 18),
(112, 4, 71),
(112, 5, 82),
(112, 6, 81),
(113, 1, 77),
(113, 2, 99),
(113, 3, 44),
(113, 4, 44),
(113, 5, 56),
(113, 6, 68),
(114, 20, 82),
(115, 20, 84),
(116, 1, 23),
(116, 2, 33),
(116, 3, 46),
(116, 4, 38),
(116, 5, 41),
(116, 6, 37),
(117, 1, 13),
(117, 2, 16),
(117, 3, 83),
(117, 4, 21),
(117, 5, 60),
(117, 6, 39),
(118, 1, 72),
(118, 2, 68),
(118, 3, 59),
(118, 4, 63),
(118, 5, 95),
(118, 6, 46),
(119, 1, 79),
(119, 2, 37),
(119, 3, 27),
(119, 4, 75),
(119, 5, 60),
(119, 6, 2),
(120, 1, 56),
(120, 2, 5),
(120, 3, 30),
(120, 4, 1),
(120, 5, 1),
(120, 6, 100),
(121, 1, 66),
(121, 2, 61),
(121, 3, 98),
(121, 4, 28),
(121, 5, 68),
(121, 6, 51),
(122, 1, 23),
(122, 2, 68),
(122, 3, 100),
(122, 4, 72),
(122, 5, 97),
(122, 6, 57),
(123, 1, 57),
(123, 2, 7),
(123, 3, 27),
(123, 4, 61),
(123, 5, 39),
(123, 6, 8),
(124, 1, 8),
(124, 2, 49),
(124, 3, 8),
(124, 4, 6),
(124, 5, 65),
(124, 6, 73),
(125, 1, 96),
(125, 2, 50),
(125, 3, 44),
(125, 4, 27),
(125, 5, 41),
(125, 6, 90),
(126, 1, 22),
(126, 2, 48),
(126, 3, 87),
(126, 4, 29),
(126, 5, 33),
(126, 6, 42),
(127, 1, 21),
(127, 2, 92),
(127, 3, 94),
(127, 4, 41),
(127, 5, 3),
(127, 6, 24),
(128, 7, 21),
(128, 8, 76),
(128, 9, 43),
(128, 10, 9),
(128, 11, 67),
(128, 12, 2),
(128, 13, 82),
(128, 14, 35),
(128, 15, 22),
(128, 16, 18),
(128, 17, 78),
(128, 18, 4),
(128, 19, 74),
(129, 7, 75),
(129, 8, 52),
(129, 9, 69),
(129, 10, 45),
(129, 11, 26),
(129, 12, 85),
(129, 13, 69),
(129, 14, 77),
(129, 15, 89),
(129, 16, 93),
(129, 17, 69),
(129, 18, 87),
(129, 19, 70),
(130, 7, 30),
(130, 8, 75),
(130, 9, 37),
(130, 10, 76),
(130, 11, 87),
(130, 12, 72),
(130, 13, 13),
(130, 14, 44),
(130, 15, 79),
(130, 16, 89),
(130, 17, 79),
(130, 18, 57),
(130, 19, 75);


INSERT INTO "ImagenProducto" ("id", "id_producto", "url") VALUES 
(1, 1, 'https://assets.adidas.com/images/h_2000,f_auto,q_auto,fl_lossy,c_fill,g_auto/3bbecbdf584e40398446a8bf0117cf62_9366/Tenis_Samba_OG_Blanco_B75806_01_00_standard.jpg'),
(2, 1, 'https://assets.adidas.com/images/h_2000,f_auto,q_auto,fl_lossy,c_fill,g_auto/ec595635a2994adea094a8bf0117ef1a_9366/Tenis_Samba_OG_Blanco_B75806_02_standard_hover.jpg'),
(3, 1, 'https://assets.adidas.com/images/h_2000,f_auto,q_auto,fl_lossy,c_fill,g_auto/97cd0902ae2e402b895aa8bf0117f98f_9366/Tenis_Samba_OG_Blanco_B75806_03_standard.jpg'),
(4, 1, 'https://assets.adidas.com/images/h_2000,f_auto,q_auto,fl_lossy,c_fill,g_auto/b067d21288bc43ec8298a8bf01180400_9366/Tenis_Samba_OG_Blanco_B75806_04_standard.jpg'),
(5, 1, 'https://assets.adidas.com/images/h_2000,f_auto,q_auto,fl_lossy,c_fill,g_auto/3a8d5f9cb7444bd195f1a8bf01180e68_9366/Tenis_Samba_OG_Blanco_B75806_05_standard.jpg'),
(6, 2, 'https://assets.adidas.com/images/h_2000,f_auto,q_auto,fl_lossy,c_fill,g_auto/4c70105150234ac4b948a8bf01187e0c_9366/Tenis_Samba_OG_Negro_B75807_01_standard.jpg'),
(7, 2, 'https://assets.adidas.com/images/h_2000,f_auto,q_auto,fl_lossy,c_fill,g_auto/309a0c8f53dd45d3a3bea8bf0118aa6b_9366/Tenis_Samba_OG_Negro_B75807_02_standard_hover.jpg'),
(8, 2, 'https://assets.adidas.com/images/h_2000,f_auto,q_auto,fl_lossy,c_fill,g_auto/a3ffa88f92a74c6d9979a8bf0118b9d0_9366/Tenis_Samba_OG_Negro_B75807_03_standard.jpg'),
(9, 2, 'https://assets.adidas.com/images/h_2000,f_auto,q_auto,fl_lossy,c_fill,g_auto/a766df52607e42858ddba8bf0118c6cb_9366/Tenis_Samba_OG_Negro_B75807_04_standard.jpg'),
(10, 2, 'https://assets.adidas.com/images/h_2000,f_auto,q_auto,fl_lossy,c_fill,g_auto/ce28dd2ab7684e8bb00ba8bf0118d2cf_9366/Tenis_Samba_OG_Negro_B75807_05_standard.jpg'),
(11, 3, 'https://assets.adidas.com/images/h_2000,f_auto,q_auto,fl_lossy,c_fill,g_auto/6ac1ddb711b248b7b3e438c96f4d4039_9366/TENIS_GAZELLE_LO_PRO_Azul_IH6941_01_00_standard.jpg'),
(12, 3, 'https://assets.adidas.com/images/h_2000,f_auto,q_auto,fl_lossy,c_fill,g_auto/d2fc5330ae4e4ca9963599496da6c4cc_9366/TENIS_GAZELLE_LO_PRO_Azul_IH6941_02_standard_hover.jpg'),
(13, 3, 'https://assets.adidas.com/images/h_2000,f_auto,q_auto,fl_lossy,c_fill,g_auto/71b856cedb4e4286bc31b7fea2dc0462_9366/TENIS_GAZELLE_LO_PRO_Azul_IH6941_03_standard.jpg'),
(14, 3, 'https://assets.adidas.com/images/h_2000,f_auto,q_auto,fl_lossy,c_fill,g_auto/106c8759a5de4351a127daa37cf8cb24_9366/TENIS_GAZELLE_LO_PRO_Azul_IH6941_04_standard.jpg'),
(15, 3, 'https://assets.adidas.com/images/h_2000,f_auto,q_auto,fl_lossy,c_fill,g_auto/0fe9830ef86743a186b10e4a804ec2d0_9366/TENIS_GAZELLE_LO_PRO_Azul_IH6941_05_standard.jpg'),
(16, 4, 'https://assets.adidas.com/images/h_2000,f_auto,q_auto,fl_lossy,c_fill,g_auto/02a9ab388a2b40b790d88665059f2a19_9366/SANDALIAS_GAZELLE_BOLD_Negro_HQ4688_01_00_standard.jpg'),
(17, 4, 'https://assets.adidas.com/images/h_2000,f_auto,q_auto,fl_lossy,c_fill,g_auto/20fc965e12f6412f816dfdd45e93484e_9366/SANDALIAS_GAZELLE_BOLD_Negro_HQ4688_02_standard_hover.jpg'),
(18, 4, 'https://assets.adidas.com/images/h_2000,f_auto,q_auto,fl_lossy,c_fill,g_auto/945c98d3ea0646b7ad68793ca55add0f_9366/SANDALIAS_GAZELLE_BOLD_Negro_HQ4688_03_standard.jpg'),
(19, 4, 'https://assets.adidas.com/images/h_2000,f_auto,q_auto,fl_lossy,c_fill,g_auto/025972dbeaed42078e82a15441ad21f4_9366/SANDALIAS_GAZELLE_BOLD_Negro_HQ4688_04_standard.jpg'),
(20, 4, 'https://assets.adidas.com/images/h_2000,f_auto,q_auto,fl_lossy,c_fill,g_auto/aff4ca4c5ab3455b9b582a98d18fbbe2_9366/SANDALIAS_GAZELLE_BOLD_Negro_HQ4688_05_standard.jpg'),
(21, 5, 'https://assets.adidas.com/images/h_2000,f_auto,q_auto,fl_lossy,c_fill,g_auto/2415a42f59c643479f740a516200adce_9366/Sandalias_Znscape_Beige_JI1857_01_00_standard.jpg'),
(22, 5, 'https://assets.adidas.com/images/h_2000,f_auto,q_auto,fl_lossy,c_fill,g_auto/ed38c32c33114c038a24beeee4255d5e_9366/Sandalias_Znscape_Beige_JI1857_02_standard_hover.jpg'),
(23, 5, 'https://assets.adidas.com/images/h_2000,f_auto,q_auto,fl_lossy,c_fill,g_auto/c07caa2c8a5143c59d0ddbafc9da1eb1_9366/Sandalias_Znscape_Beige_JI1857_03_standard.jpg'),
(24, 5, 'https://assets.adidas.com/images/h_2000,f_auto,q_auto,fl_lossy,c_fill,g_auto/bc204d4ae3aa47ca85e609c62573f122_9366/Sandalias_Znscape_Beige_JI1857_04_standard.jpg'),
(25, 5, 'https://assets.adidas.com/images/h_2000,f_auto,q_auto,fl_lossy,c_fill,g_auto/0c67efe68e2b41a59c23373705cf108e_9366/Sandalias_Znscape_Beige_JI1857_05_standard.jpg'),
(26, 6, 'https://assets.adidas.com/images/h_2000,f_auto,q_auto,fl_lossy,c_fill,g_auto/d385eb29c70e482ca92bb7de892744db_9366/TENIS_VL_COURT_AUDI_REVOLUT_F1_TEAM_Blanco_KI6081_HM1.jpg'),
(27, 6, 'https://assets.adidas.com/images/h_2000,f_auto,q_auto,fl_lossy,c_fill,g_auto/a4c10fdba39640bcbc8741aa6ef767b5_9366/TENIS_VL_COURT_AUDI_REVOLUT_F1_TEAM_Blanco_KI6081_HM3_hover.jpg'),
(28, 6, 'https://assets.adidas.com/images/h_2000,f_auto,q_auto,fl_lossy,c_fill,g_auto/5de33cfaa91d464482e4f3d18f63e3f2_9366/TENIS_VL_COURT_AUDI_REVOLUT_F1_TEAM_Blanco_KI6081_HM4.jpg'),
(29, 6, 'https://assets.adidas.com/images/h_2000,f_auto,q_auto,fl_lossy,c_fill,g_auto/f9a3791ff7e347d18df600b1ed3dc580_9366/TENIS_VL_COURT_AUDI_REVOLUT_F1_TEAM_Blanco_KI6081_HM5.jpg'),
(30, 6, 'https://assets.adidas.com/images/h_2000,f_auto,q_auto,fl_lossy,c_fill,g_auto/7638892040a2443c927fe4db9cd48a61_9366/TENIS_VL_COURT_AUDI_REVOLUT_F1_TEAM_Blanco_KI6081_HM6.jpg'),
(31, 7, 'https://assets.adidas.com/images/h_2000,f_auto,q_auto,fl_lossy,c_fill,g_auto/41a3da0e9f774abba53490eac5a7aafe_9366/TENIS_ADISTAR_XLG_2.0_Verde_HQ7551_01_00_standard.jpg'),
(32, 7, 'https://assets.adidas.com/images/h_2000,f_auto,q_auto,fl_lossy,c_fill,g_auto/9a70d067bdfd4b4cb5cbd8777795ee97_9366/TENIS_ADISTAR_XLG_2.0_Verde_HQ7551_02_standard_hover.jpg'),
(33, 7, 'https://assets.adidas.com/images/h_2000,f_auto,q_auto,fl_lossy,c_fill,g_auto/39628bbc08204ef6a30fa608d6fe2ca3_9366/TENIS_ADISTAR_XLG_2.0_Verde_HQ7551_03_standard.jpg'),
(34, 7, 'https://assets.adidas.com/images/h_2000,f_auto,q_auto,fl_lossy,c_fill,g_auto/8b0cda5d79c54e01bb8bd17d28c8120b_9366/TENIS_ADISTAR_XLG_2.0_Verde_HQ7551_04_standard.jpg'),
(35, 7, 'https://assets.adidas.com/images/h_2000,f_auto,q_auto,fl_lossy,c_fill,g_auto/85282180d963490282d740f12249df6c_9366/TENIS_ADISTAR_XLG_2.0_Verde_HQ7551_05_standard.jpg'),
(36, 8, 'https://assets.adidas.com/images/h_2000,f_auto,q_auto,fl_lossy,c_fill,g_auto/f6fc213d79d1474d829e71fad1d4a387_9366/Tenis_Forum2000_Negro_JR1121_01_00_standard.jpg'),
(37, 8, 'https://assets.adidas.com/images/h_2000,f_auto,q_auto,fl_lossy,c_fill,g_auto/feb9c37662914ff2b752d597ee7a446a_9366/Tenis_Forum2000_Negro_JR1121_01_02_hover_standard.jpg'),
(38, 8, 'https://assets.adidas.com/images/h_2000,f_auto,q_auto,fl_lossy,c_fill,g_auto/5925e310ef14459a96a75cf29978681f_9366/Tenis_Forum2000_Negro_JR1121_02_standard.jpg'),
(39, 8, 'https://assets.adidas.com/images/h_2000,f_auto,q_auto,fl_lossy,c_fill,g_auto/8e28a61a9e6648259c09a27666bcdbad_9366/Tenis_Forum2000_Negro_JR1121_03_standard.jpg'),
(40, 8, 'https://assets.adidas.com/images/h_2000,f_auto,q_auto,fl_lossy,c_fill,g_auto/f4365458e1314c1a90ab0c6565cde523_9366/Tenis_Forum2000_Negro_JR1121_04_standard.jpg'),
(41, 9, 'https://assets.adidas.com/images/h_2000,f_auto,q_auto,fl_lossy,c_fill,g_auto/02131f5173bc4767bcdfe04f36fc7c34_9366/Tenis_de_Senderismo_Terrex_Anylander_Corte_Medio_Cafe_JQ9959_HM1.jpg'),
(42, 9, 'https://assets.adidas.com/images/h_2000,f_auto,q_auto,fl_lossy,c_fill,g_auto/bac35abb050a4155a4bd43c9332bf19b_9366/Tenis_de_Senderismo_Terrex_Anylander_Corte_Medio_Cafe_JQ9959_HM3_hover.jpg'),
(43, 9, 'https://assets.adidas.com/images/h_2000,f_auto,q_auto,fl_lossy,c_fill,g_auto/42ffec9d057a4c5bb0f2bbff55252f71_9366/Tenis_de_Senderismo_Terrex_Anylander_Corte_Medio_Cafe_JQ9959_HM4.jpg'),
(44, 9, 'https://assets.adidas.com/images/h_2000,f_auto,q_auto,fl_lossy,c_fill,g_auto/daff476744784841bb4e0e208dbaf146_9366/Tenis_de_Senderismo_Terrex_Anylander_Corte_Medio_Cafe_JQ9959_HM5.jpg'),
(45, 9, 'https://assets.adidas.com/images/h_2000,f_auto,q_auto,fl_lossy,c_fill,g_auto/af8a3714c0ad4bbf91aa43aba3d42cc8_9366/Tenis_de_Senderismo_Terrex_Anylander_Corte_Medio_Cafe_JQ9959_HM6.jpg'),
(46, 10, 'https://assets.adidas.com/images/h_2000,f_auto,q_auto,fl_lossy,c_fill,g_auto/c286db6ab13e44eb80dee5f82aad9493_9366/CHAMARRA_MECANICOS_AUDI_REVOLUT_F1_TEAM_CIERRE_CORTO_Negro_KE8929_HM1.jpg'),
(47, 10, 'https://assets.adidas.com/images/h_2000,f_auto,q_auto,fl_lossy,c_fill,g_auto/86ef2ffcb3a74fd8b607829217c35dbe_faec/CHAMARRA_MECANICOS_AUDI_REVOLUT_F1_TEAM_CIERRE_CORTO_Negro_KE8929_HM3_hover.tiff.jpg'),
(48, 10, 'https://assets.adidas.com/images/h_2000,f_auto,q_auto,fl_lossy,c_fill,g_auto/1f122176f105458e8171d5aada679715_9366/CHAMARRA_MECANICOS_AUDI_REVOLUT_F1_TEAM_CIERRE_CORTO_Negro_KE8929_HM4.jpg'),
(49, 10, 'https://assets.adidas.com/images/h_2000,f_auto,q_auto,fl_lossy,c_fill,g_auto/2a5f53a05761497f9737995b3ae22fee_9366/CHAMARRA_MECANICOS_AUDI_REVOLUT_F1_TEAM_CIERRE_CORTO_Negro_KE8929_HM6.jpg'),
(50, 10, 'https://assets.adidas.com/images/h_2000,f_auto,q_auto,fl_lossy,c_fill,g_auto/ce6b284eb1c343a9b0c4908f0d612c74_9366/CHAMARRA_MECANICOS_AUDI_REVOLUT_F1_TEAM_CIERRE_CORTO_Negro_KE8929_HM7.jpg'),
(51, 11, 'https://assets.adidas.com/images/h_2000,f_auto,q_auto,fl_lossy,c_fill,g_auto/047ea23b8d2c494885cbdc0b0ff87c6f_9366/PANTS_DEPORTIVOS_FIREBIRD_Azul_KD8316_21_model.jpg'),
(52, 11, 'https://assets.adidas.com/images/h_2000,f_auto,q_auto,fl_lossy,c_fill,g_auto/b3ed3ee2f05a47dcb1cd5691cb90d752_9366/PANTS_DEPORTIVOS_FIREBIRD_Azul_KD8316_23_hover_model.jpg'),
(53, 11, 'https://assets.adidas.com/images/h_2000,f_auto,q_auto,fl_lossy,c_fill,g_auto/de4e52e9bb2e46159da95aa784f5d4bc_9366/PANTS_DEPORTIVOS_FIREBIRD_Azul_KD8316_25_model.jpg'),
(54, 11, 'https://assets.adidas.com/images/h_2000,f_auto,q_auto,fl_lossy,c_fill,g_auto/e931f056ad354858aa05a8017a93f7de_9366/PANTS_DEPORTIVOS_FIREBIRD_Azul_KD8316_01_laydown.jpg'),
(55, 11, 'https://assets.adidas.com/images/h_2000,f_auto,q_auto,fl_lossy,c_fill,g_auto/e9d7629fbf5d4c178937eae7464587fb_9366/PANTS_DEPORTIVOS_FIREBIRD_Azul_KD8316_41_detail_hover.jpg'),
(56, 12, 'https://assets.adidas.com/images/h_2000,f_auto,q_auto,fl_lossy,c_fill,g_auto/0104796340b5410fbd3bf329a298e97d_9366/PLAYERA_MERCEDES_-_AMG_PETRONAS_F1_TEAM_DRIVER_VERSION_PROFESIONAL_Negro_KE5325_HM51.jpg'),
(57, 12, 'https://assets.adidas.com/images/h_2000,f_auto,q_auto,fl_lossy,c_fill,g_auto/7818251950834492bc2583df9f456836_9366/PLAYERA_MERCEDES_-_AMG_PETRONAS_F1_TEAM_DRIVER_VERSION_PROFESIONAL_Negro_KE5325_HM1.jpg'),
(58, 12, 'https://assets.adidas.com/images/h_2000,f_auto,q_auto,fl_lossy,c_fill,g_auto/b280115f69424ed6bb38e827f373111a_9366/PLAYERA_MERCEDES_-_AMG_PETRONAS_F1_TEAM_DRIVER_VERSION_PROFESIONAL_Negro_KE5325_HM3.jpg'),
(59, 12, 'https://assets.adidas.com/images/h_2000,f_auto,q_auto,fl_lossy,c_fill,g_auto/892282238cb140ba9c4f1a51b04c034d_9366/PLAYERA_MERCEDES_-_AMG_PETRONAS_F1_TEAM_DRIVER_VERSION_PROFESIONAL_Negro_KE5325_HM4.jpg'),
(60, 12, 'https://assets.adidas.com/images/h_2000,f_auto,q_auto,fl_lossy,c_fill,g_auto/2d5855e65b1849cfa84f8bec7365a8a4_9366/PLAYERA_MERCEDES_-_AMG_PETRONAS_F1_TEAM_DRIVER_VERSION_PROFESIONAL_Negro_KE5325_HM5.jpg'),
(61, 13, 'https://assets.adidas.com/images/h_2000,f_auto,q_auto,fl_lossy,c_fill,g_auto/16678b56ebab4c54847933a9c85b0e71_9366/SHORTS_FIREBIRD_Blanco_KE1378_21_model.jpg'),
(62, 13, 'https://assets.adidas.com/images/h_2000,f_auto,q_auto,fl_lossy,c_fill,g_auto/75d97b25f2994a51bd5300c1749928ab_9366/SHORTS_FIREBIRD_Blanco_KE1378_23_hover_model.jpg'),
(63, 13, 'https://assets.adidas.com/images/h_2000,f_auto,q_auto,fl_lossy,c_fill,g_auto/8d963702b2a249b78662ce94c87fff36_9366/SHORTS_FIREBIRD_Blanco_KE1378_25_model.jpg'),
(64, 13, 'https://assets.adidas.com/images/h_2000,f_auto,q_auto,fl_lossy,c_fill,g_auto/a653956adb414c0ab4704564e47f299e_9366/SHORTS_FIREBIRD_Blanco_KE1378_01_laydown.jpg'),
(65, 13, 'https://assets.adidas.com/images/h_2000,f_auto,q_auto,fl_lossy,c_fill,g_auto/61406ac2369b471dac421ac00b147927_9366/SHORTS_FIREBIRD_Blanco_KE1378_41_detail.jpg'),
(66, 14, 'https://assets.adidas.com/images/h_2000,f_auto,q_auto,fl_lossy,c_fill,g_auto/4ef882c6429f436ca7b05918d67f49fe_9366/Cardigan_Rugby_120_Anos_Francia_Blanco_KF7419_21_model.jpg'),
(67, 14, 'https://assets.adidas.com/images/h_2000,f_auto,q_auto,fl_lossy,c_fill,g_auto/a2ad24948e8a4571bc61c4a7c8dfc696_9366/Cardigan_Rugby_120_Anos_Francia_Blanco_KF7419_23_hover_model.jpg'),
(68, 14, 'https://assets.adidas.com/images/h_2000,f_auto,q_auto,fl_lossy,c_fill,g_auto/01c1e276b8434b03961fb0838e784b70_9366/Cardigan_Rugby_120_Anos_Francia_Blanco_KF7419_25_model.jpg'),
(69, 14, 'https://assets.adidas.com/images/h_2000,f_auto,q_auto,fl_lossy,c_fill,g_auto/644b0782e2274b89bf501a30da9846b4_9366/Cardigan_Rugby_120_Anos_Francia_Blanco_KF7419_01_laydown.jpg'),
(70, 14, 'https://assets.adidas.com/images/h_2000,f_auto,q_auto,fl_lossy,c_fill,g_auto/2200b3bcac984ee884b4f43b57941a76_9366/Cardigan_Rugby_120_Anos_Francia_Blanco_KF7419_25_outfit.jpg'),
(71, 15, 'https://assets.adidas.com/images/h_2000,f_auto,q_auto,fl_lossy,c_fill,g_auto/3e0f478e49cc419f94b39f8e8c8acc25_9366/Chamarra_Originals_Basketball_Negro_KA9352_HM1.jpg'),
(72, 15, 'https://assets.adidas.com/images/h_2000,f_auto,q_auto,fl_lossy,c_fill,g_auto/8ba477e9a46441aa900373b9f1f3f97d_9366/Chamarra_Originals_Basketball_Negro_KA9352_HM3.jpg'),
(73, 15, 'https://assets.adidas.com/images/h_2000,f_auto,q_auto,fl_lossy,c_fill,g_auto/4c5e0da873d04bd7b76699b22aa8252c_9366/Chamarra_Originals_Basketball_Negro_KA9352_HM4.jpg'),
(74, 15, 'https://assets.adidas.com/images/h_2000,f_auto,q_auto,fl_lossy,c_fill,g_auto/2d6f9124345d4d15927d73d6f1815e2f_9366/Chamarra_Originals_Basketball_Negro_KA9352_HM5.jpg'),
(75, 15, 'https://assets.adidas.com/images/h_2000,f_auto,q_auto,fl_lossy,c_fill,g_auto/33807ae6804843478b8a80ffc2374605_9366/Chamarra_Originals_Basketball_Negro_KA9352_HM6.jpg'),
(76, 16, 'https://assets.adidas.com/images/h_2000,f_auto,q_auto,fl_lossy,c_fill,g_auto/6d9825f19e694a0d83ce4722517fab62_9366/CHAMARRA_SST_DE_CORDUROY_Cafe_KD8781_HM1.jpg'),
(77, 16, 'https://assets.adidas.com/images/h_2000,f_auto,q_auto,fl_lossy,c_fill,g_auto/fb75235ca92941f287335c7be844cc9e_9366/CHAMARRA_SST_DE_CORDUROY_Cafe_KD8781_HM3_hover.jpg'),
(78, 16, 'https://assets.adidas.com/images/h_2000,f_auto,q_auto,fl_lossy,c_fill,g_auto/f249c23448c641f8a42c06269ad0fe95_9366/CHAMARRA_SST_DE_CORDUROY_Cafe_KD8781_HM4.jpg'),
(79, 16, 'https://assets.adidas.com/images/h_2000,f_auto,q_auto,fl_lossy,c_fill,g_auto/cfff07f8283a46d184013d29a2458bed_9366/CHAMARRA_SST_DE_CORDUROY_Cafe_KD8781_HM5.jpg'),
(80, 16, 'https://assets.adidas.com/images/h_2000,f_auto,q_auto,fl_lossy,c_fill,g_auto/47e0d93022eb4256b638e41ca7766bae_9366/CHAMARRA_SST_DE_CORDUROY_Cafe_KD8781_HM6.jpg'),
(81, 17, 'https://assets.adidas.com/images/h_2000,f_auto,q_auto,fl_lossy,c_fill,g_auto/f6efe670a7e44215a56f170c1e3f3a2c_9366/PANTS_DEPORTIVOS_FIREBIRD_HOLGADOS_Rosa_KG3702_21_model.jpg'),
(82, 17, 'https://assets.adidas.com/images/h_2000,f_auto,q_auto,fl_lossy,c_fill,g_auto/274ff5e481c744a69522f011d232f437_9366/PANTS_DEPORTIVOS_FIREBIRD_HOLGADOS_Rosa_KG3702_23_hover_model.jpg'),
(83, 17, 'https://assets.adidas.com/images/h_2000,f_auto,q_auto,fl_lossy,c_fill,g_auto/cc11a7630be9412abe3ff5b4c7e74003_9366/PANTS_DEPORTIVOS_FIREBIRD_HOLGADOS_Rosa_KG3702_25_model.jpg'),
(84, 17, 'https://assets.adidas.com/images/h_2000,f_auto,q_auto,fl_lossy,c_fill,g_auto/04af83d366344f8195e8663fba12b286_9366/PANTS_DEPORTIVOS_FIREBIRD_HOLGADOS_Rosa_KG3702_01_laydown.jpg'),
(85, 17, 'https://assets.adidas.com/images/h_2000,f_auto,q_auto,fl_lossy,c_fill,g_auto/8ee12b0a90c94e53a382951584a58207_9366/PANTS_DEPORTIVOS_FIREBIRD_HOLGADOS_Rosa_KG3702_41_detail.jpg'),
(86, 18, 'https://assets.adidas.com/images/h_2000,f_auto,q_auto,fl_lossy,c_fill,g_auto/ff271161973749279336d8d6be33ade5_9366/JERSEY_MERCEDES_-_AMG_PETRONAS_F1_TEAM_DRIVER_Blanco_KF0163_21_model.jpg'),
(87, 18, 'https://assets.adidas.com/images/h_2000,f_auto,q_auto,fl_lossy,c_fill,g_auto/b22eb2e1799c49beab9868023db9cc24_9366/JERSEY_MERCEDES_-_AMG_PETRONAS_F1_TEAM_DRIVER_Blanco_KF0163_23_hover_model.jpg'),
(88, 18, 'https://assets.adidas.com/images/h_2000,f_auto,q_auto,fl_lossy,c_fill,g_auto/2b00a82d375642afb7bdd23729b46b09_9366/JERSEY_MERCEDES_-_AMG_PETRONAS_F1_TEAM_DRIVER_Blanco_KF0163_01_laydown.jpg'),
(89, 18, 'https://assets.adidas.com/images/h_2000,f_auto,q_auto,fl_lossy,c_fill,g_auto/2599429aad804b22976d41516d9ede9a_9366/JERSEY_MERCEDES_-_AMG_PETRONAS_F1_TEAM_DRIVER_Blanco_KF0163_41_detail.jpg'),
(90, 18, 'https://assets.adidas.com/images/h_2000,f_auto,q_auto,fl_lossy,c_fill,g_auto/220d8da2a7ac4b0ba66da5e7abee8cca_9366/JERSEY_MERCEDES_-_AMG_PETRONAS_F1_TEAM_DRIVER_Blanco_KF0163_42_detail.jpg'),
(91, 19, 'https://assets.adidas.com/images/h_2000,f_auto,q_auto,fl_lossy,c_fill,g_auto/a2d996b3b3c849f489add035c75ad69d_9366/TRACK_PANTS_CLASICOS_Cafe_KD3749_21_model.jpg'),
(92, 19, 'https://assets.adidas.com/images/h_2000,f_auto,q_auto,fl_lossy,c_fill,g_auto/00440be6cb124b4cb59f3ab4cb51df4f_9366/TRACK_PANTS_CLASICOS_Cafe_KD3749_23_hover_model.jpg'),
(93, 19, 'https://assets.adidas.com/images/h_2000,f_auto,q_auto,fl_lossy,c_fill,g_auto/ea234b589c674a248c29303100092068_9366/TRACK_PANTS_CLASICOS_Cafe_KD3749_25_model.jpg'),
(94, 19, 'https://assets.adidas.com/images/h_2000,f_auto,q_auto,fl_lossy,c_fill,g_auto/51fdcd38ff884d5c913dec0815a9c6b7_9366/TRACK_PANTS_CLASICOS_Cafe_KD3749_01_laydown.jpg'),
(95, 19, 'https://assets.adidas.com/images/h_2000,f_auto,q_auto,fl_lossy,c_fill,g_auto/49aa22c6314b45caabb4bd4d809d05e1_9366/TRACK_PANTS_CLASICOS_Cafe_KD3749_41_detail.jpg'),
(96, 20, 'https://assets.adidas.com/images/h_2000,f_auto,q_auto,fl_lossy,c_fill,g_auto/3323cf700f53492c90e3d787a42c9023_9366/Bra_3_Franjas_Studio_All_Me_Light_Support_Granate_HZ0874_21_model.jpg'),
(97, 20, 'https://assets.adidas.com/images/h_2000,f_auto,q_auto,fl_lossy,c_fill,g_auto/79e88fd11d12478982c87f0c627ce3a2_9366/Bra_3_Franjas_Studio_All_Me_Light_Support_Granate_HZ0874_23_hover_model.jpg'),
(98, 20, 'https://assets.adidas.com/images/h_2000,f_auto,q_auto,fl_lossy,c_fill,g_auto/b1db8e25e3be4922b3618c1d0065dcac_9366/Bra_3_Franjas_Studio_All_Me_Light_Support_Granate_HZ0874_25_model.jpg'),
(99, 20, 'https://assets.adidas.com/images/h_2000,f_auto,q_auto,fl_lossy,c_fill,g_auto/68ed3f44131c405390e2980c63afd344_9366/Bra_3_Franjas_Studio_All_Me_Light_Support_Granate_HZ0874_01_laydown.jpg'),
(100, 20, 'https://assets.adidas.com/images/h_2000,f_auto,q_auto,fl_lossy,c_fill,g_auto/70d3d9ef77f3451692bd599729a3a0fb_9366/Bra_3_Franjas_Studio_All_Me_Light_Support_Granate_HZ0874_02_laydown.jpg'),
(101, 21, 'https://assets.adidas.com/images/h_2000,f_auto,q_auto,fl_lossy,c_fill,g_auto/2b9ba5d21cce4762b3cc04e0845e38ff_9366/Pants_sueltos_de_felpa_Essentials_Violeta_JX5187_21_model.jpg'),
(102, 21, 'https://assets.adidas.com/images/h_2000,f_auto,q_auto,fl_lossy,c_fill,g_auto/3ee92734b8d341f68aea21ba6435662b_9366/Pants_sueltos_de_felpa_Essentials_Violeta_JX5187_23_hover_model.jpg'),
(103, 21, 'https://assets.adidas.com/images/h_2000,f_auto,q_auto,fl_lossy,c_fill,g_auto/2c42218db3bb4b3d9b85efd9bbcd23a6_9366/Pants_sueltos_de_felpa_Essentials_Violeta_JX5187_25_model.jpg'),
(104, 21, 'https://assets.adidas.com/images/h_2000,f_auto,q_auto,fl_lossy,c_fill,g_auto/bbc96081f4eb48759b7f51d4332817cf_9366/Pants_sueltos_de_felpa_Essentials_Violeta_JX5187_01_laydown.jpg'),
(105, 21, 'https://assets.adidas.com/images/h_2000,f_auto,q_auto,fl_lossy,c_fill,g_auto/7763fefbcf824daf9ebe14405a724b38_9366/Pants_sueltos_de_felpa_Essentials_Violeta_JX5187_41_detail.jpg'),
(106, 22, 'https://assets.adidas.com/images/h_2000,f_auto,q_auto,fl_lossy,c_fill,g_auto/c80ce65cc9884e89a94a2f7f9629796c_9366/GORRA_DE_BEISBOL_DEL_EQUIPO_AUDI_REVOLUT_F1_Gris_KF0713_01_00_standard.jpg'),
(107, 22, 'https://assets.adidas.com/images/h_2000,f_auto,q_auto,fl_lossy,c_fill,g_auto/acd43cc137444bc79ff62735a5bcd564_9366/GORRA_DE_BEISBOL_DEL_EQUIPO_AUDI_REVOLUT_F1_Gris_KF0713_02_standard_hover.jpg'),
(108, 22, 'https://assets.adidas.com/images/h_2000,f_auto,q_auto,fl_lossy,c_fill,g_auto/c6d52fe6315b46a48d0d1e219ef2d25d_9366/GORRA_DE_BEISBOL_DEL_EQUIPO_AUDI_REVOLUT_F1_Gris_KF0713_41_detail_hover.jpg'),
(109, 22, 'https://assets.adidas.com/images/h_2000,f_auto,q_auto,fl_lossy,c_fill,g_auto/ef331d8478f0415a97a202ddfbe67040_9366/GORRA_DE_BEISBOL_DEL_EQUIPO_AUDI_REVOLUT_F1_Gris_KF0713_42_detail.jpg'),
(110, 22, 'https://assets.adidas.com/images/h_2000,f_auto,q_auto,fl_lossy,c_fill,g_auto/eaf1980ea2bb4f57b73a57c9ef04ee19_9366/GORRA_DE_BEISBOL_DEL_EQUIPO_AUDI_REVOLUT_F1_Gris_KF0713_HM51.jpg'),
(111, 23, 'https://assets.adidas.com/images/h_2000,f_auto,q_auto,fl_lossy,c_fill,g_auto/6e7e224d819448a4a4753a946aad528b_9366/Bolsa_Tote_adidas_by_Stella_McCartney_Cafe_KC4219_01_00_standard.jpg'),
(112, 23, 'https://assets.adidas.com/images/h_2000,f_auto,q_auto,fl_lossy,c_fill,g_auto/7997d2647a2a431190defceeeddcdca4_9366/Bolsa_Tote_adidas_by_Stella_McCartney_Cafe_KC4219_02_standard.jpg'),
(113, 23, 'https://assets.adidas.com/images/h_2000,f_auto,q_auto,fl_lossy,c_fill,g_auto/4a8853a987b34311951e898d41e4c778_9366/Bolsa_Tote_adidas_by_Stella_McCartney_Cafe_KC4219_04_standard.jpg'),
(114, 23, 'https://assets.adidas.com/images/h_2000,f_auto,q_auto,fl_lossy,c_fill,g_auto/df422fcb615a444591972466e0ddad7f_9366/Bolsa_Tote_adidas_by_Stella_McCartney_Cafe_KC4219_05_hover_standard.jpg'),
(115, 23, 'https://assets.adidas.com/images/h_2000,f_auto,q_auto,fl_lossy,c_fill,g_auto/1390d62c57cb4ba2808bdc3ccd5b6820_9366/Bolsa_Tote_adidas_by_Stella_McCartney_Cafe_KC4219_41_detail.jpg'),
(116, 24, 'https://assets.adidas.com/images/h_2000,f_auto,q_auto,fl_lossy,c_fill,g_auto/0cb4bc698502492494df273f6cfd534c_9366/Calcetines_Tobilleros_3_Franjas_3_Pares_Blanco_JV7423_01_04_standard.jpg'),
(117, 24, 'https://assets.adidas.com/images/h_2000,f_auto,q_auto,fl_lossy,c_fill,g_auto/bc70978227e6442795a296c893f9d24b_9366/Calcetines_Tobilleros_3_Franjas_3_Pares_Blanco_JV7423_41_detail.jpg'),
(118, 24, 'https://assets.adidas.com/images/h_2000,f_auto,q_auto,fl_lossy,c_fill,g_auto/4df0e2badebe41a79062dd7935cbe54d_9366/Calcetines_Tobilleros_3_Franjas_3_Pares_Blanco_JV7423_42_detail_hover.jpg'),
(119, 25, 'https://images-dynamic-arcteryx.imgix.net/details/1350x1710/S26-X000010276-Squamish-Hoody-Mantis-Front-View.jpg?auto=format&q=70&fit=crop&fill=white&max-w=1350&max-h=1710&ixlib=react-9.10.0'),
(120, 25, 'https://images-dynamic-arcteryx.imgix.net/details/1350x1710/S26-X000010276-Squamish-Hoody-Mantis-Hover.jpg?auto=format&q=70&fit=crop&fill=white&max-w=1350&max-h=1710&ixlib=react-9.10.0'),
(121, 25, 'https://images-dynamic-arcteryx.imgix.net/details/1350x1710/S26-X000010276-Squamish-Hoody-Mantis-Back-View.jpg?auto=format&q=70&fit=crop&fill=white&max-w=1350&max-h=1710&ixlib=react-9.10.0'),
(122, 25, 'https://images-dynamic-arcteryx.imgix.net/details/1350x1710/S26-X000010276-Squamish-Hoody-Mantis-Side-View.jpg?auto=format&q=70&fit=crop&fill=white&max-w=1350&max-h=1710&ixlib=react-9.10.0'),
(123, 25, 'https://images-dynamic-arcteryx.imgix.net/details/1350x1710/S26-X000010276-Squamish-Hoody-Mantis-Hood.jpg?auto=format&q=70&fit=crop&fill=white&max-w=1350&max-h=1710&ixlib=react-9.10.0'),
(124, 26, 'https://images-dynamic-arcteryx.imgix.net/details/1350x1710/F25-X000009533-Kragg-SL-Cotton-Shirt-SS-Carob-Dynasty-Front-View.jpg?auto=format&q=70&fit=crop&fill=white&max-w=1350&max-h=1710&ixlib=react-9.10.0'),
(125, 26, 'https://images-dynamic-arcteryx.imgix.net/details/1350x1710/F25-X000009533-Kragg-SL-Cotton-Shirt-SS-Carob-Dynasty-Hover.jpg?auto=format&q=70&fit=crop&fill=white&max-w=1350&max-h=1710&ixlib=react-9.10.0'),
(126, 26, 'https://images-dynamic-arcteryx.imgix.net/details/1350x1710/F25-X000009533-Kragg-SL-Cotton-Shirt-SS-Carob-Dynasty-Full-Body.jpg?auto=format&q=70&fit=crop&fill=white&max-w=1350&max-h=1710&ixlib=react-9.10.0'),
(127, 26, 'https://images-dynamic-arcteryx.imgix.net/details/1350x1710/F25-X000009533-Kragg-SL-Cotton-Shirt-SS-Carob-Dynasty-Back-View.jpg?auto=format&q=70&fit=crop&fill=white&max-w=1350&max-h=1710&ixlib=react-9.10.0'),
(128, 26, 'https://images-dynamic-arcteryx.imgix.net/details/1350x1710/F25-X000009533-Kragg-SL-Cotton-Shirt-SS-Carob-Dynasty-Side-View.jpg?auto=format&q=70&fit=crop&fill=white&max-w=1350&max-h=1710&ixlib=react-9.10.0'),
(129, 27, 'https://images-dynamic-arcteryx.imgix.net/details/1350x1710/S26-X000010481-Gamma-Pant-Tatsu-Front-View.jpg?auto=format&q=70&fit=crop&fill=white&max-w=1350&max-h=1710&ixlib=react-9.10.0'),
(130, 27, 'https://images-dynamic-arcteryx.imgix.net/details/1350x1710/S26-X000010481-Gamma-Pant-Tatsu-Hover.jpg?auto=format&q=70&fit=crop&fill=white&max-w=1350&max-h=1710&ixlib=react-9.10.0'),
(131, 27, 'https://images-dynamic-arcteryx.imgix.net/details/1350x1710/S26-X000010481-Gamma-Pant-Tatsu-Full-Body.jpg?auto=format&q=70&fit=crop&fill=white&max-w=1350&max-h=1710&ixlib=react-9.10.0'),
(132, 27, 'https://images-dynamic-arcteryx.imgix.net/details/1350x1710/S26-X000010481-Gamma-Pant-Tatsu-Back-View.jpg?auto=format&q=70&fit=crop&fill=white&max-w=1350&max-h=1710&ixlib=react-9.10.0'),
(133, 27, 'https://images-dynamic-arcteryx.imgix.net/details/1350x1710/S26-X000010481-Gamma-Pant-Tatsu-Side-View.jpg?auto=format&q=70&fit=crop&fill=white&max-w=1350&max-h=1710&ixlib=react-9.10.0'),
(134, 28, 'https://images-dynamic-arcteryx.imgix.net/details/1350x1710/S26-X000010621-Skyline-Shirt-SS-Habitat-Front-View.jpg?auto=format&q=70&fit=crop&fill=white&max-w=1350&max-h=1710&ixlib=react-9.10.0'),
(135, 28, 'https://images-dynamic-arcteryx.imgix.net/details/1350x1710/S26-X000010621-Skyline-Shirt-SS-Habitat-Hover.jpg?auto=format&q=70&fit=crop&fill=white&max-w=1350&max-h=1710&ixlib=react-9.10.0'),
(136, 28, 'https://images-dynamic-arcteryx.imgix.net/details/1350x1710/S26-X000010621-Skyline-Shirt-SS-Habitat-Full-Body.jpg?auto=format&q=70&fit=crop&fill=white&max-w=1350&max-h=1710&ixlib=react-9.10.0'),
(137, 28, 'https://images-dynamic-arcteryx.imgix.net/details/1350x1710/S26-X000010621-Skyline-Shirt-SS-Habitat-Back-View.jpg?auto=format&q=70&fit=crop&fill=white&max-w=1350&max-h=1710&ixlib=react-9.10.0'),
(138, 28, 'https://images-dynamic-arcteryx.imgix.net/details/1350x1710/S26-X000010621-Skyline-Shirt-SS-Habitat-Side-View.jpg?auto=format&q=70&fit=crop&fill=white&max-w=1350&max-h=1710&ixlib=react-9.10.0'),
(139, 29, 'https://images-dynamic-arcteryx.imgix.net/details/1350x1710/S26-X000010065-Bird-Word-Toque-24K-Black-Front-View.jpg?auto=format&q=70&fit=crop&fill=white&max-w=1350&max-h=1710&ixlib=react-9.10.0'),
(140, 29, 'https://images-dynamic-arcteryx.imgix.net/details/1350x1710/F25-X000010065-Bird-Word-Toque-24K-Black-Front.jpg?auto=format&q=70&fit=crop&fill=white&max-w=1350&max-h=1710&ixlib=react-9.10.0'),
(141, 29, 'https://images-dynamic-arcteryx.imgix.net/details/1350x1710/S26-X000010065-Bird-Word-Toque-24K-Black-Hover.jpg?auto=format&q=70&fit=crop&fill=white&max-w=1350&max-h=1710&ixlib=react-9.10.0'),
(142, 29, 'https://images-dynamic-arcteryx.imgix.net/details/1350x1710/S26-X000010065-Bird-Word-Toque-24K-Black-Side-View.jpg?auto=format&q=70&fit=crop&fill=white&max-w=1350&max-h=1710&ixlib=react-9.10.0'),
(143, 29, 'https://images-dynamic-arcteryx.imgix.net/details/1350x1710/S26-X000010065-Bird-Word-Toque-24K-Black-Back-View.jpg?auto=format&q=70&fit=crop&fill=white&max-w=1350&max-h=1710&ixlib=react-9.10.0'),
(144, 30, 'https://images-dynamic-arcteryx.imgix.net/details/1350x1710/S26-X000010359-Heliad-Crossbody-Mantis-Front-View.jpg?auto=format&q=70&fit=crop&fill=white&max-w=1350&max-h=1710&ixlib=react-9.10.0'),
(145, 30, 'https://images-dynamic-arcteryx.imgix.net/details/1350x1710/S26-X000010359-Heliad-Crossbody-Mantis-Front.jpg?auto=format&q=70&fit=crop&fill=white&max-w=1350&max-h=1710&ixlib=react-9.10.0'),
(146, 30, 'https://images-dynamic-arcteryx.imgix.net/details/1350x1710/S26-X000010359-Heliad-Crossbody-Mantis-Back.jpg?auto=format&q=70&fit=crop&fill=white&max-w=1350&max-h=1710&ixlib=react-9.10.0'),
(147, 30, 'https://images-dynamic-arcteryx.imgix.net/details/1350x1710/S26-X000010359-Heliad-Crossbody-Mantis-Side-View.jpg?auto=format&q=70&fit=crop&fill=white&max-w=1350&max-h=1710&ixlib=react-9.10.0'),
(148, 30, 'https://images-dynamic-arcteryx.imgix.net/details/1350x1710/S26-X000010359-Heliad-Crossbody-Mantis-Hover.jpg?auto=format&q=70&fit=crop&fill=white&max-w=1350&max-h=1710&ixlib=react-9.10.0'),
(149, 31, 'https://images-dynamic-arcteryx.imgix.net/details/1350x1710/F25-X000007170-Cerium-Jacket-Black-II-Women-s-Front-View.jpg?auto=format&q=70&fit=crop&fill=white&max-w=1350&max-h=1710&ixlib=react-9.10.0'),
(150, 31, 'https://images-dynamic-arcteryx.imgix.net/details/1350x1710/F25-X000007170-Cerium-Jacket-Black-II-Women-s-Hover.jpg?auto=format&q=70&fit=crop&fill=white&max-w=1350&max-h=1710&ixlib=react-9.10.0'),
(151, 31, 'https://images-dynamic-arcteryx.imgix.net/details/1350x1710/F25-X000007170-Cerium-Jacket-Black-II-Women-s-Back-View.jpg?auto=format&q=70&fit=crop&fill=white&max-w=1350&max-h=1710&ixlib=react-9.10.0'),
(152, 31, 'https://images-dynamic-arcteryx.imgix.net/details/1350x1710/F25-X000007170-Cerium-Jacket-Black-II-Women-s-Side-View.jpg?auto=format&q=70&fit=crop&fill=white&max-w=1350&max-h=1710&ixlib=react-9.10.0'),
(153, 31, 'https://images-dynamic-arcteryx.imgix.net/details/1350x1710/F25-X000007170-Cerium-Jacket-Black-II-Women-s-Full-Body.jpg?auto=format&q=70&fit=crop&fill=white&max-w=1350&max-h=1710&ixlib=react-9.10.0'),
(154, 32, 'https://images-dynamic-arcteryx.imgix.net/details/1350x1710/F25-X000009097-Liatris-Long-Coat-Rune-Women-s-Front-View.jpg?auto=format&q=70&fit=crop&fill=white&max-w=1350&max-h=1710&ixlib=react-9.10.0'),
(155, 32, 'https://images-dynamic-arcteryx.imgix.net/details/1350x1710/F25-X000009097-Liatris-Long-Coat-Rune-Women-s-Hover.jpg?auto=format&q=70&fit=crop&fill=white&max-w=1350&max-h=1710&ixlib=react-9.10.0'),
(156, 32, 'https://images-dynamic-arcteryx.imgix.net/details/1350x1710/F25-X000009097-Liatris-Long-Coat-Rune-Women-s-Back-View.jpg?auto=format&q=70&fit=crop&fill=white&max-w=1350&max-h=1710&ixlib=react-9.10.0'),
(157, 32, 'https://images-dynamic-arcteryx.imgix.net/details/1350x1710/F25-X000009097-Liatris-Long-Coat-Rune-Women-s-Side-View.jpg?auto=format&q=70&fit=crop&fill=white&max-w=1350&max-h=1710&ixlib=react-9.10.0'),
(158, 32, 'https://images-dynamic-arcteryx.imgix.net/details/1350x1710/F25-X000009097-Liatris-Long-Coat-Rune-Women-s-Hood.jpg?auto=format&q=70&fit=crop&fill=white&max-w=1350&max-h=1710&ixlib=react-9.10.0'),
(159, 33, 'https://images-dynamic-arcteryx.imgix.net/details/1350x1710/F25-X000007875-Hallam-Merino-Wool-Hoody-Tatsu-Women-s-Front-View.jpg?auto=format&q=70&fit=crop&fill=white&max-w=1350&max-h=1710&ixlib=react-9.10.0'),
(160, 33, 'https://images-dynamic-arcteryx.imgix.net/details/1350x1710/F25-X000007875-Hallam-Merino-Wool-Hoody-Tatsu-Women-s-Hover.jpg?auto=format&q=70&fit=crop&fill=white&max-w=1350&max-h=1710&ixlib=react-9.10.0'),
(161, 33, 'https://images-dynamic-arcteryx.imgix.net/details/1350x1710/F25-X000007875-Hallam-Merino-Wool-Hoody-Tatsu-Women-s-Full-Body.jpg?auto=format&q=70&fit=crop&fill=white&max-w=1350&max-h=1710&ixlib=react-9.10.0'),
(162, 33, 'https://images-dynamic-arcteryx.imgix.net/details/1350x1710/F25-X000007875-Hallam-Merino-Wool-Hoody-Tatsu-Women-s-Back-View.jpg?auto=format&q=70&fit=crop&fill=white&max-w=1350&max-h=1710&ixlib=react-9.10.0'),
(163, 33, 'https://images-dynamic-arcteryx.imgix.net/details/1350x1710/F25-X000007875-Hallam-Merino-Wool-Hoody-Tatsu-Women-s-Side-View.jpg?auto=format&q=70&fit=crop&fill=white&max-w=1350&max-h=1710&ixlib=react-9.10.0'),
(164, 34, 'https://images-dynamic-arcteryx.imgix.net/details/1350x1710/F25-X000008528-Norvan-Insulated-Hoody-Dynasty-Women-s-Front-View.jpg?auto=format&q=70&fit=crop&fill=white&max-w=1350&max-h=1710&ixlib=react-9.10.0'),
(165, 34, 'https://images-dynamic-arcteryx.imgix.net/details/1350x1710/F25-X000008528-Norvan-Insulated-Hoody-Dynasty-Women-s-Hover.jpg?auto=format&q=70&fit=crop&fill=white&max-w=1350&max-h=1710&ixlib=react-9.10.0'),
(166, 34, 'https://images-dynamic-arcteryx.imgix.net/details/1350x1710/F25-X000008528-Norvan-Insulated-Hoody-Dynasty-Women-s-Back-View.jpg?auto=format&q=70&fit=crop&fill=white&max-w=1350&max-h=1710&ixlib=react-9.10.0'),
(167, 34, 'https://images-dynamic-arcteryx.imgix.net/details/1350x1710/F25-X000008528-Norvan-Insulated-Hoody-Dynasty-Women-s-Side-View.jpg?auto=format&q=70&fit=crop&fill=white&max-w=1350&max-h=1710&ixlib=react-9.10.0'),
(168, 34, 'https://images-dynamic-arcteryx.imgix.net/details/1350x1710/F25-X000008528-Norvan-Insulated-Hoody-Dynasty-Women-s-Hood.jpg?auto=format&q=70&fit=crop&fill=white&max-w=1350&max-h=1710&ixlib=react-9.10.0'),
(169, 35, 'https://images-dynamic-arcteryx.imgix.net/details/1350x1710/S26-X000010325-Beta-SV-Pant-Dk-Stratus-Women-s-Front-View.jpg?auto=format&q=70&fit=crop&fill=white&max-w=1350&max-h=1710&ixlib=react-9.10.0'),
(170, 35, 'https://images-dynamic-arcteryx.imgix.net/details/1350x1710/S26-X000010325-Beta-SV-Pant-Dk-Stratus-Women-s-Hover.jpg?auto=format&q=70&fit=crop&fill=white&max-w=1350&max-h=1710&ixlib=react-9.10.0'),
(171, 35, 'https://images-dynamic-arcteryx.imgix.net/details/1350x1710/S26-X000010325-Beta-SV-Pant-Dk-Stratus-Women-s-Full-Body.jpg?auto=format&q=70&fit=crop&fill=white&max-w=1350&max-h=1710&ixlib=react-9.10.0'),
(172, 35, 'https://images-dynamic-arcteryx.imgix.net/details/1350x1710/S26-X000010325-Beta-SV-Pant-Dk-Stratus-Women-s-Back-View.jpg?auto=format&q=70&fit=crop&fill=white&max-w=1350&max-h=1710&ixlib=react-9.10.0'),
(173, 35, 'https://images-dynamic-arcteryx.imgix.net/details/1350x1710/S26-X000010325-Beta-SV-Pant-Dk-Stratus-Women-s-Side-View.jpg?auto=format&q=70&fit=crop&fill=white&max-w=1350&max-h=1710&ixlib=react-9.10.0'),
(174, 36, 'https://images-dynamic-arcteryx.imgix.net/details/1350x1710/F25-X000009065-Kyanite-Baselayer-Zip-Neck-Blaze-Women-s-Front-View.jpg?auto=format&q=70&fit=crop&fill=white&max-w=1350&max-h=1710&ixlib=react-9.10.0'),
(175, 36, 'https://images-dynamic-arcteryx.imgix.net/details/1350x1710/F25-X000009065-Kyanite-Baselayer-Zip-Neck-Blaze-Women-s-Hover.jpg?auto=format&q=70&fit=crop&fill=white&max-w=1350&max-h=1710&ixlib=react-9.10.0'),
(176, 36, 'https://images-dynamic-arcteryx.imgix.net/details/1350x1710/F25-X000009065-Kyanite-Baselayer-Zip-Neck-Blaze-Women-s-Full-Body.jpg?auto=format&q=70&fit=crop&fill=white&max-w=1350&max-h=1710&ixlib=react-9.10.0'),
(177, 36, 'https://images-dynamic-arcteryx.imgix.net/details/1350x1710/F25-X000009065-Kyanite-Baselayer-Zip-Neck-Blaze-Women-s-Back-View.jpg?auto=format&q=70&fit=crop&fill=white&max-w=1350&max-h=1710&ixlib=react-9.10.0'),
(178, 36, 'https://images-dynamic-arcteryx.imgix.net/details/1350x1710/F25-X000009065-Kyanite-Baselayer-Zip-Neck-Blaze-Women-s-Side-View.jpg?auto=format&q=70&fit=crop&fill=white&max-w=1350&max-h=1710&ixlib=react-9.10.0'),
(179, 37, 'https://calvinkleinmx.vteximg.com.br/arquivos/ids/592391-600-800/4RC278G601-PLANO.jpg?v=638971732786700000'),
(180, 37, 'https://calvinkleinmx.vteximg.com.br/arquivos/ids/592615-600-800/4RC278G601-1.jpg?v=638991746690000000'),
(181, 37, 'https://calvinkleinmx.vteximg.com.br/arquivos/ids/592837-600-800/4RC278G601-2.jpg?v=638991746690000000'),
(182, 37, 'https://calvinkleinmx.vteximg.com.br/arquivos/ids/593054-600-800/4RC278G601-3.jpg?v=638991746690130000'),
(183, 37, 'https://calvinkleinmx.vteximg.com.br/arquivos/ids/593268-600-800/4RC278G601-4.jpg?v=638991746690130000'),
(184, 38, 'https://calvinkleinmx.vteximg.com.br/arquivos/ids/606842-600-800/4RD218G100-PLANO.jpg?v=639039255936970000'),
(185, 38, 'https://calvinkleinmx.vteximg.com.br/arquivos/ids/607161-600-800/4RD218G100-1.jpg?v=639039261172130000'),
(186, 38, 'https://calvinkleinmx.vteximg.com.br/arquivos/ids/607480-600-800/4RD218G100-2.jpg?v=639039263052770000'),
(187, 38, 'https://calvinkleinmx.vteximg.com.br/arquivos/ids/607799-600-800/4RD218G100-3.jpg?v=639039265780070000'),
(188, 38, 'https://calvinkleinmx.vteximg.com.br/arquivos/ids/608102-600-800/4RD218G100-4.jpg?v=639039275682400000'),
(189, 39, 'https://calvinkleinmx.vteximg.com.br/arquivos/ids/594103-600-800/4RC278GF5I-PLANO.jpg?v=638984056794400000'),
(190, 39, 'https://calvinkleinmx.vteximg.com.br/arquivos/ids/594483-600-800/4RC278GF5I-1.jpg?v=639069421894200000'),
(191, 39, 'https://calvinkleinmx.vteximg.com.br/arquivos/ids/594863-600-800/4RC278GF5I-2.jpg?v=639069421894330000'),
(192, 39, 'https://calvinkleinmx.vteximg.com.br/arquivos/ids/595216-600-800/4RC278GF5I-3.jpg?v=639069421894330000'),
(193, 40, 'https://calvinkleinmx.vteximg.com.br/arquivos/ids/604592-600-800/4RC295G_3UD_main_WS_4755x4755_Hi_Res_JPEG.jpg?v=639003786893230000'),
(194, 40, 'https://calvinkleinmx.vteximg.com.br/arquivos/ids/604593-600-800/4RC295G_3UD_alternate1_WS_4755x4755_Hi_Res_JPEG.jpg?v=639003786893400000'),
(195, 40, 'https://calvinkleinmx.vteximg.com.br/arquivos/ids/604594-600-800/4RC295G_3UD_alternate3_WS_4755x4755_Hi_Res_JPEG.jpg?v=639003786893400000'),
(196, 40, 'https://calvinkleinmx.vteximg.com.br/arquivos/ids/604595-600-800/4RC295G_3UD_alternate4_WS_4755x4755_Hi_Res_JPEG.jpg?v=639003786893570000'),
(197, 40, 'https://calvinkleinmx.vteximg.com.br/arquivos/ids/604596-600-800/4RC295G_3UD_alternate2_WS_4755x4755_Hi_Res_JPEG.jpg?v=639003786893570000'),
(198, 41, 'https://calvinkleinmx.vteximg.com.br/arquivos/ids/602170-600-800/4RE726G2TZ-PLANO.jpg?v=639003769368830000'),
(199, 41, 'https://calvinkleinmx.vteximg.com.br/arquivos/ids/602582-600-800/4RE726G2TZ-1.jpg?v=639010109291630000'),
(200, 41, 'https://calvinkleinmx.vteximg.com.br/arquivos/ids/603019-600-800/4RE726G2TZ-2.jpg?v=639010109291800000'),
(201, 41, 'https://calvinkleinmx.vteximg.com.br/arquivos/ids/603443-600-800/4RE726G2TZ-3.jpg?v=639010109291800000'),
(202, 42, 'https://calvinkleinmx.vteximg.com.br/arquivos/ids/582540-600-800/4RD727G401-PLANO.jpg?v=638937348192730000'),
(203, 42, 'https://calvinkleinmx.vteximg.com.br/arquivos/ids/582870-600-800/4RD727G401-1.jpg?v=638937418443470000'),
(204, 42, 'https://calvinkleinmx.vteximg.com.br/arquivos/ids/583196-600-800/4RD727G401-2.jpg?v=638937425908770000'),
(205, 42, 'https://calvinkleinmx.vteximg.com.br/arquivos/ids/583479-600-800/4RD727G401-3.jpg?v=638937432578470000'),
(206, 43, 'https://calvinkleinmx.vteximg.com.br/arquivos/ids/621827-600-800/44F129GPEZ-PLANO.jpg?v=639082615001770000'),
(207, 43, 'https://calvinkleinmx.vteximg.com.br/arquivos/ids/622063-600-800/44F129GPEZ-1.jpg?v=639082648497570000'),
(208, 43, 'https://calvinkleinmx.vteximg.com.br/arquivos/ids/622300-600-800/44F129GPEZ-3.jpg?v=639082648497900000'),
(209, 43, 'https://calvinkleinmx.vteximg.com.br/arquivos/ids/622532-600-800/44F129GPEZ-4.jpg?v=639082648497900000'),
(210, 44, 'https://calvinkleinmx.vteximg.com.br/arquivos/ids/605063-600-800/47E222G2EV-PLANO.jpg?v=639015102612730000'),
(211, 44, 'https://calvinkleinmx.vteximg.com.br/arquivos/ids/605315-600-800/47E222G2EV-1.jpg?v=639015117639600000'),
(212, 44, 'https://calvinkleinmx.vteximg.com.br/arquivos/ids/605567-600-800/47E222G2EV-2.jpg?v=639015119384930000'),
(213, 44, 'https://calvinkleinmx.vteximg.com.br/arquivos/ids/605819-600-800/47E222G2EV-3.jpg?v=639015122522530000'),
(214, 44, 'https://calvinkleinmx.vteximg.com.br/arquivos/ids/606068-600-800/47E222G2EV-4.jpg?v=639015125747570000'),
(215, 45, 'https://calvinkleinmx.vteximg.com.br/arquivos/ids/612097-600-800/Q61153UB1-PLANO.jpg?v=639048055891400000'),
(216, 45, 'https://calvinkleinmx.vteximg.com.br/arquivos/ids/612098-600-800/Q61153UB1-1.jpg?v=639048056344970000'),
(217, 45, 'https://calvinkleinmx.vteximg.com.br/arquivos/ids/612099-600-800/Q61153UB1-2.jpg?v=639048056344970000'),
(218, 45, 'https://calvinkleinmx.vteximg.com.br/arquivos/ids/612100-600-800/Q61153UB1-3.jpg?v=639048056344970000'),
(219, 45, 'https://calvinkleinmx.vteximg.com.br/arquivos/ids/612101-600-800/Q61153UB1-4.jpg?v=639048056344970000'),
(220, 46, 'https://calvinkleinmx.vteximg.com.br/arquivos/ids/604539-600-800/47B240G_PNO_alternate2_WS_4755x4755_Hi_Res_JPEG.jpg?v=639003784950770000'),
(221, 46, 'https://calvinkleinmx.vteximg.com.br/arquivos/ids/604540-600-800/47B240G_PNO_alternate1_WS_4755x4755_Hi_Res_JPEG.jpg?v=639003784950900000'),
(222, 46, 'https://calvinkleinmx.vteximg.com.br/arquivos/ids/604541-600-800/47B240G_PNO_alternate3_WS_4755x4755_Hi_Res_JPEG.jpg?v=639003784950900000'),
(223, 46, 'https://calvinkleinmx.vteximg.com.br/arquivos/ids/604542-600-800/47B240G_PNO_alternate4_WS_4755x4755_Hi_Res_JPEG.jpg?v=639003784950900000'),
(224, 46, 'https://calvinkleinmx.vteximg.com.br/arquivos/ids/604543-600-800/47B240G_PNO_main_WS_4755x4755_Hi_Res_JPEG.jpg?v=639003784951230000'),
(225, 47, 'https://calvinkleinmx.vteximg.com.br/arquivos/ids/562479-600-800/44A200G700-PLANO.jpg?v=638857049101370000'),
(226, 47, 'https://calvinkleinmx.vteximg.com.br/arquivos/ids/562613-600-800/44A200G700-1.jpg?v=638857116344370000'),
(227, 47, 'https://calvinkleinmx.vteximg.com.br/arquivos/ids/562752-600-800/44A200G700-2.jpg?v=638857118130100000'),
(228, 47, 'https://calvinkleinmx.vteximg.com.br/arquivos/ids/562891-600-800/44A200G700-3.jpg?v=638857120089400000'),
(229, 47, 'https://calvinkleinmx.vteximg.com.br/arquivos/ids/563011-600-800/44A200G700-4.jpg?v=638857122194400000'),
(230, 48, 'https://calvinkleinmx.vteximg.com.br/arquivos/ids/616291-600-800/CKJ25619S103-PLANO.jpg?v=639064443391030000'),
(231, 48, 'https://calvinkleinmx.vteximg.com.br/arquivos/ids/616292-600-800/CKJ25619S103-1.jpg?v=639064443393470000'),
(232, 48, 'https://calvinkleinmx.vteximg.com.br/arquivos/ids/616293-600-800/CKJ25619S103-2.jpg?v=639064443396300000'),
(233, 49, 'https://calvinkleinmx.vteximg.com.br/arquivos/ids/592293-600-800/CK24502S402-1.jpg?v=638968579466570000'),
(234, 49, 'https://calvinkleinmx.vteximg.com.br/arquivos/ids/592294-600-800/CK24502S402-PLANO.jpg?v=638968579466730000'),
(235, 49, 'https://calvinkleinmx.vteximg.com.br/arquivos/ids/592296-600-800/CK24502S402-3.jpg?v=638968579654930000'),
(236, 49, 'https://calvinkleinmx.vteximg.com.br/arquivos/ids/592297-600-800/CK24502S402-4.jpg?v=638968579655230000'),
(237, 50, 'https://calvinkleinmx.vteximg.com.br/arquivos/ids/582447-600-800/4F5055G250-PLANO.jpg?v=638937347399670000'),
(238, 50, 'https://calvinkleinmx.vteximg.com.br/arquivos/ids/582777-600-800/4F5055G250-1.jpg?v=638938148904300000'),
(239, 50, 'https://calvinkleinmx.vteximg.com.br/arquivos/ids/583103-600-800/4F5055G250-2.jpg?v=638938148904470000'),
(240, 50, 'https://calvinkleinmx.vteximg.com.br/arquivos/ids/583392-600-800/4F5055G250-3.jpg?v=638938148904470000'),
(241, 51, 'https://images.hugoboss.com/is/image/boss/hbna50555667_115_200?$re_fullPageZoom$&qlt=85&fit=crop,1&align=1,1&lastModified=1773077746000&wid=1200&hei=1818'),
(242, 51, 'https://images.hugoboss.com/is/image/boss/hbna50555667_115_250?$re_fullPageZoom$&qlt=85&fit=crop,1&align=1,1&lastModified=1773077746000&wid=1200&hei=1818'),
(243, 51, 'https://images.hugoboss.com/is/image/boss/hbna50555667_115_220?$re_fullPageZoom$&qlt=85&fit=crop,1&align=1,1&lastModified=1773077746000&wid=1200&hei=1818'),
(244, 51, 'https://images.hugoboss.com/is/image/boss/hbna50555667_115_300?$re_fullPageZoom$&qlt=85&fit=crop,1&align=1,1&lastModified=1773077746000&wid=1200&hei=1818'),
(245, 51, 'https://images.hugoboss.com/is/image/boss/hbna50555667_115_210?$re_fullPageZoom$&qlt=85&fit=crop,1&align=1,1&lastModified=1773077746000&wid=1200&hei=1818'),
(246, 52, 'https://images.hugoboss.com/is/image/boss/hbna50563289_001_200?$re_fullPageZoom$&qlt=85&fit=crop,1&align=1,1&lastModified=1773176528000&wid=1200&hei=1818'),
(247, 52, 'https://images.hugoboss.com/is/image/boss/hbna50563289_001_250?$re_fullPageZoom$&qlt=85&fit=crop,1&align=1,1&lastModified=1773176528000&wid=1200&hei=1818'),
(248, 52, 'https://images.hugoboss.com/is/image/boss/hbna50563289_001_220?$re_fullPageZoom$&qlt=85&fit=crop,1&align=1,1&lastModified=1773176528000&wid=1200&hei=1818'),
(249, 52, 'https://images.hugoboss.com/is/image/boss/hbna50563289_001_300?$re_fullPageZoom$&qlt=85&fit=crop,1&align=1,1&lastModified=1773176528000&wid=1200&hei=1818'),
(250, 52, 'https://images.hugoboss.com/is/image/boss/hbna50563289_001_210?$re_fullPageZoom$&qlt=85&fit=crop,1&align=1,1&lastModified=1773176528000&wid=1200&hei=1818'),
(251, 53, 'https://images.hugoboss.com/is/image/boss/hbna50553686_272_350?$re_fullPageZoom$&qlt=85&fit=crop,1&align=1,1&lastModified=1773088145000&wid=1200&hei=1818'),
(252, 53, 'https://images.hugoboss.com/is/image/boss/hbna50553686_272_340?$re_fullPageZoom$&qlt=85&fit=crop,1&align=1,1&lastModified=1773088145000&wid=1200&hei=1818'),
(253, 53, 'https://images.hugoboss.com/is/image/boss/hbna50553686_272_300?$re_fullPageZoom$&qlt=85&fit=crop,1&align=1,1&lastModified=1773088145000&wid=1200&hei=1818'),
(254, 53, 'https://images.hugoboss.com/is/image/boss/hbna50553686_272_360?$re_fullPageZoom$&qlt=85&fit=crop,1&align=1,1&lastModified=1773088145000&wid=1200&hei=1818'),
(255, 53, 'https://images.hugoboss.com/is/image/boss/hbna50553686_272_100?$re_fullPageZoom$&qlt=85&fit=crop,1&align=1,1&lastModified=1773088145000&wid=1200&hei=1818'),
(256, 54, 'https://images.hugoboss.com/is/image/boss/hbna50555853_252_350?$re_fullPageZoom$&qlt=85&fit=crop,1&align=1,1&lastModified=1772741961000&wid=1200&hei=1818'),
(257, 54, 'https://images.hugoboss.com/is/image/boss/hbna50555853_252_340?$re_fullPageZoom$&qlt=85&fit=crop,1&align=1,1&lastModified=1772741961000&wid=1200&hei=1818'),
(258, 54, 'https://images.hugoboss.com/is/image/boss/hbna50555853_252_300?$re_fullPageZoom$&qlt=85&fit=crop,1&align=1,1&lastModified=1772741961000&wid=1200&hei=1818'),
(259, 54, 'https://images.hugoboss.com/is/image/boss/hbna50555853_252_360?$re_fullPageZoom$&qlt=85&fit=crop,1&align=1,1&lastModified=1772741961000&wid=1200&hei=1818'),
(260, 54, 'https://images.hugoboss.com/is/image/boss/hbna50555853_252_100?$re_fullPageZoom$&qlt=85&fit=crop,1&align=1,1&lastModified=1772741961000&wid=1200&hei=1818'),
(261, 55, 'https://images.hugoboss.com/is/image/boss/hbna50552995_502_200?$re_fullPageZoom$&qlt=85&fit=crop,1&align=1,1&lastModified=1772032380000&wid=1200&hei=1818'),
(262, 55, 'https://images.hugoboss.com/is/image/boss/hbna50552995_502_250?$re_fullPageZoom$&qlt=85&fit=crop,1&align=1,1&lastModified=1772032380000&wid=1200&hei=1818'),
(263, 55, 'https://images.hugoboss.com/is/image/boss/hbna50552995_502_220?$re_fullPageZoom$&qlt=85&fit=crop,1&align=1,1&lastModified=1772032380000&wid=1200&hei=1818'),
(264, 55, 'https://images.hugoboss.com/is/image/boss/hbna50552995_502_300?$re_fullPageZoom$&qlt=85&fit=crop,1&align=1,1&lastModified=1772032380000&wid=1200&hei=1818'),
(265, 55, 'https://images.hugoboss.com/is/image/boss/hbna50552995_502_340?$re_fullPageZoom$&qlt=85&fit=crop,1&align=1,1&lastModified=1772032380000&wid=1200&hei=1818'),
(266, 56, 'https://images.hugoboss.com/is/image/boss/hbna50552768_502_200?$re_fullPageZoom$&qlt=85&fit=crop,1&align=1,1&lastModified=1771940964000&wid=1200&hei=1818'),
(267, 56, 'https://images.hugoboss.com/is/image/boss/hbna50552768_502_250?$re_fullPageZoom$&qlt=85&fit=crop,1&align=1,1&lastModified=1771940964000&wid=1200&hei=1818'),
(268, 56, 'https://images.hugoboss.com/is/image/boss/hbna50552768_502_220?$re_fullPageZoom$&qlt=85&fit=crop,1&align=1,1&lastModified=1771940964000&wid=1200&hei=1818'),
(269, 56, 'https://images.hugoboss.com/is/image/boss/hbna50552768_502_300?$re_fullPageZoom$&qlt=85&fit=crop,1&align=1,1&lastModified=1771940964000&wid=1200&hei=1818'),
(270, 56, 'https://images.hugoboss.com/is/image/boss/hbna50552768_502_340?$re_fullPageZoom$&qlt=85&fit=crop,1&align=1,1&lastModified=1771940964000&wid=1200&hei=1818'),
(271, 57, 'https://images.hugoboss.com/is/image/boss/hbna50552728_001_200?$re_fullPageZoom$&qlt=85&fit=crop,1&align=1,1&lastModified=1773159129000&wid=1200&hei=1818'),
(272, 57, 'https://images.hugoboss.com/is/image/boss/hbna50552728_001_220?$re_fullPageZoom$&qlt=85&fit=crop,1&align=1,1&lastModified=1773159129000&wid=1200&hei=1818'),
(273, 57, 'https://images.hugoboss.com/is/image/boss/hbna50552728_001_300?$re_fullPageZoom$&qlt=85&fit=crop,1&align=1,1&lastModified=1773159129000&wid=1200&hei=1818'),
(274, 57, 'https://images.hugoboss.com/is/image/boss/hbna50552728_001_340?$re_fullPageZoom$&qlt=85&fit=crop,1&align=1,1&lastModified=1773159129000&wid=1200&hei=1818'),
(275, 57, 'https://images.hugoboss.com/is/image/boss/hbna50552728_001_210?$re_fullPageZoom$&qlt=85&fit=crop,1&align=1,1&lastModified=1773159129000&wid=1200&hei=1818'),
(276, 58, 'https://images.hugoboss.com/is/image/boss/hbna50558899_001_350?$re_fullPageZoom$&qlt=85&fit=crop,1&align=1,1&lastModified=1772575473000&wid=1200&hei=1818'),
(277, 58, 'https://images.hugoboss.com/is/image/boss/hbna50558899_001_300?$re_fullPageZoom$&qlt=85&fit=crop,1&align=1,1&lastModified=1772575473000&wid=1200&hei=1818'),
(278, 58, 'https://images.hugoboss.com/is/image/boss/hbna50558899_001_360?$re_fullPageZoom$&qlt=85&fit=crop,1&align=1,1&lastModified=1772575473000&wid=1200&hei=1818'),
(279, 58, 'https://images.hugoboss.com/is/image/boss/hbna50558899_001_340?$re_fullPageZoom$&qlt=85&fit=crop,1&align=1,1&lastModified=1772575473000&wid=1200&hei=1818'),
(280, 58, 'https://images.hugoboss.com/is/image/boss/hbna50558899_001_100?$re_fullPageZoom$&qlt=85&fit=crop,1&align=1,1&lastModified=1772575473000&wid=1200&hei=1818'),
(281, 59, 'https://static.nike.com/a/images/t_web_pdp_535_v2/f_auto,u_126ab356-44d8-4a06-89b4-fcdcc8df0245,c_scale,fl_relative,w_1.0,h_1.0,fl_layer_apply/78e55638-a2c9-43d6-b292-6332dbb0b821/JORDAN+TATUM+4.png'),
(282, 59, 'https://static.nike.com/a/images/t_web_pdp_535_v2/f_auto,u_126ab356-44d8-4a06-89b4-fcdcc8df0245,c_scale,fl_relative,w_1.0,h_1.0,fl_layer_apply/40204543-e661-4c6b-bafd-1fdf01984fb3/JORDAN+TATUM+4.png'),
(283, 59, 'https://static.nike.com/a/images/t_web_pdp_535_v2/f_auto,u_126ab356-44d8-4a06-89b4-fcdcc8df0245,c_scale,fl_relative,w_1.0,h_1.0,fl_layer_apply/2ff735f6-1e30-42d3-a9de-80e5938f7112/JORDAN+TATUM+4.png'),
(284, 59, 'https://static.nike.com/a/images/t_web_pdp_535_v2/f_auto,u_126ab356-44d8-4a06-89b4-fcdcc8df0245,c_scale,fl_relative,w_1.0,h_1.0,fl_layer_apply/5cd9bc71-dbc3-4c56-a6d5-de7697df5911/JORDAN+TATUM+4.png'),
(285, 59, 'https://static.nike.com/a/images/t_web_pdp_535_v2/f_auto,u_126ab356-44d8-4a06-89b4-fcdcc8df0245,c_scale,fl_relative,w_1.0,h_1.0,fl_layer_apply/a61ee6a2-d9ba-4770-b618-25af299b7f88/JORDAN+TATUM+4.png'),
(286, 60, 'https://static.nike.com/a/images/t_web_pdp_535_v2/f_auto,u_126ab356-44d8-4a06-89b4-fcdcc8df0245,c_scale,fl_relative,w_1.0,h_1.0,fl_layer_apply/84d6711f-8343-4cc2-b1b9-463635f555dc/AIR+JORDAN+1+RETRO+LOW+OG.png'),
(287, 60, 'https://static.nike.com/a/images/t_web_pdp_535_v2/f_auto,u_126ab356-44d8-4a06-89b4-fcdcc8df0245,c_scale,fl_relative,w_1.0,h_1.0,fl_layer_apply/b4060ec5-60a4-4632-aaae-4c29d68cacea/AIR+JORDAN+1+RETRO+LOW+OG.png'),
(288, 60, 'https://static.nike.com/a/images/t_web_pdp_535_v2/f_auto,u_126ab356-44d8-4a06-89b4-fcdcc8df0245,c_scale,fl_relative,w_1.0,h_1.0,fl_layer_apply/178870d0-d641-4765-8731-47dfd6f7afba/AIR+JORDAN+1+RETRO+LOW+OG.png'),
(289, 60, 'https://static.nike.com/a/images/t_web_pdp_535_v2/f_auto,u_126ab356-44d8-4a06-89b4-fcdcc8df0245,c_scale,fl_relative,w_1.0,h_1.0,fl_layer_apply/6813f194-6cfa-4dec-9516-b1d617e37c52/AIR+JORDAN+1+RETRO+LOW+OG.png'),
(290, 60, 'https://static.nike.com/a/images/t_web_pdp_535_v2/f_auto,u_126ab356-44d8-4a06-89b4-fcdcc8df0245,c_scale,fl_relative,w_1.0,h_1.0,fl_layer_apply/704e6d9a-3027-4208-b099-053159082af2/AIR+JORDAN+1+RETRO+LOW+OG.png'),
(291, 61, 'https://static.nike.com/a/images/t_web_pdp_535_v2/f_auto,u_126ab356-44d8-4a06-89b4-fcdcc8df0245,c_scale,fl_relative,w_1.0,h_1.0,fl_layer_apply/a85e01bc-5652-4fd3-93ab-1cefda761bee/WMNS+AIR+JORDAN+1+BROOKLYN.png'),
(292, 61, 'https://static.nike.com/a/images/t_web_pdp_535_v2/f_auto,u_126ab356-44d8-4a06-89b4-fcdcc8df0245,c_scale,fl_relative,w_1.0,h_1.0,fl_layer_apply/3aa831d4-fb91-46ee-9fd3-916dc02b515b/WMNS+AIR+JORDAN+1+BROOKLYN.png'),
(293, 61, 'https://static.nike.com/a/images/t_web_pdp_535_v2/f_auto,u_126ab356-44d8-4a06-89b4-fcdcc8df0245,c_scale,fl_relative,w_1.0,h_1.0,fl_layer_apply/280e33bc-7eac-494f-ac01-1375f17aacdd/WMNS+AIR+JORDAN+1+BROOKLYN.png'),
(294, 61, 'https://static.nike.com/a/images/t_web_pdp_535_v2/f_auto,u_126ab356-44d8-4a06-89b4-fcdcc8df0245,c_scale,fl_relative,w_1.0,h_1.0,fl_layer_apply/4507492b-8f51-4cda-b7f3-fd9c1eb47e95/WMNS+AIR+JORDAN+1+BROOKLYN.png'),
(295, 61, 'https://static.nike.com/a/images/t_web_pdp_535_v2/f_auto,u_126ab356-44d8-4a06-89b4-fcdcc8df0245,c_scale,fl_relative,w_1.0,h_1.0,fl_layer_apply/8ebfbbc3-761d-413f-974d-ca8e8d1ed8a4/WMNS+AIR+JORDAN+1+BROOKLYN.png'),
(296, 62, 'https://static.nike.com/a/images/t_web_pdp_535_v2/f_auto,u_126ab356-44d8-4a06-89b4-fcdcc8df0245,c_scale,fl_relative,w_1.0,h_1.0,fl_layer_apply/3488c34c-1304-42de-b47f-dd1f26657674/JORDAN+FRANCHISE+SLIDE.png'),
(297, 62, 'https://static.nike.com/a/images/t_web_pdp_535_v2/f_auto,u_126ab356-44d8-4a06-89b4-fcdcc8df0245,c_scale,fl_relative,w_1.0,h_1.0,fl_layer_apply/212a25d7-b1a8-4587-b818-adad1a367795/JORDAN+FRANCHISE+SLIDE.png'),
(298, 62, 'https://static.nike.com/a/images/t_web_pdp_535_v2/f_auto,u_126ab356-44d8-4a06-89b4-fcdcc8df0245,c_scale,fl_relative,w_1.0,h_1.0,fl_layer_apply/37a51ad7-5e53-4d4c-9f4c-e1a0c08cc66b/JORDAN+FRANCHISE+SLIDE.png'),
(299, 62, 'https://static.nike.com/a/images/t_web_pdp_535_v2/f_auto,u_126ab356-44d8-4a06-89b4-fcdcc8df0245,c_scale,fl_relative,w_1.0,h_1.0,fl_layer_apply/5d11dd3f-1231-42ee-8b3d-9ad21600322d/JORDAN+FRANCHISE+SLIDE.png'),
(300, 62, 'https://static.nike.com/a/images/t_web_pdp_535_v2/f_auto,u_126ab356-44d8-4a06-89b4-fcdcc8df0245,c_scale,fl_relative,w_1.0,h_1.0,fl_layer_apply/dcdd2dad-e001-44fa-8fe2-a985f10b446f/JORDAN+FRANCHISE+SLIDE.png'),
(301, 63, 'https://static.nike.com/a/images/t_web_pdp_535_v2/f_auto,u_126ab356-44d8-4a06-89b4-fcdcc8df0245,c_scale,fl_relative,w_1.0,h_1.0,fl_layer_apply/b587cf81-b49a-4200-9a7c-8daa033ed393/WMNS+AIR+JORDAN+1+LOW.png'),
(302, 63, 'https://static.nike.com/a/images/t_web_pdp_535_v2/f_auto,u_126ab356-44d8-4a06-89b4-fcdcc8df0245,c_scale,fl_relative,w_1.0,h_1.0,fl_layer_apply/944a01b4-080c-47c0-b9f2-e32f139275d7/WMNS+AIR+JORDAN+1+LOW.png'),
(303, 63, 'https://static.nike.com/a/images/t_web_pdp_535_v2/f_auto,u_126ab356-44d8-4a06-89b4-fcdcc8df0245,c_scale,fl_relative,w_1.0,h_1.0,fl_layer_apply/e4ff57b8-30a3-4021-aeec-e26160d047d2/WMNS+AIR+JORDAN+1+LOW.png'),
(304, 63, 'https://static.nike.com/a/images/t_web_pdp_535_v2/f_auto,u_126ab356-44d8-4a06-89b4-fcdcc8df0245,c_scale,fl_relative,w_1.0,h_1.0,fl_layer_apply/912904c1-d7a7-4855-a418-3507b15c9eb4/WMNS+AIR+JORDAN+1+LOW.png'),
(305, 63, 'https://static.nike.com/a/images/t_web_pdp_535_v2/f_auto,u_126ab356-44d8-4a06-89b4-fcdcc8df0245,c_scale,fl_relative,w_1.0,h_1.0,fl_layer_apply/7cf34220-d131-4e56-ab8c-6c680ae2f10b/WMNS+AIR+JORDAN+1+LOW.png'),
(306, 64, 'https://static.nike.com/a/images/t_web_pdp_535_v2/f_auto,u_126ab356-44d8-4a06-89b4-fcdcc8df0245,c_scale,fl_relative,w_1.0,h_1.0,fl_layer_apply/73881278-e549-404d-ae61-c192ece71c58/JORDAN+1+MID+SE+%28PS%29.png'),
(307, 64, 'https://static.nike.com/a/images/t_web_pdp_535_v2/f_auto,u_126ab356-44d8-4a06-89b4-fcdcc8df0245,c_scale,fl_relative,w_1.0,h_1.0,fl_layer_apply/54266ac4-0a95-4714-b797-58e285504405/JORDAN+1+MID+SE+%28PS%29.png'),
(308, 64, 'https://static.nike.com/a/images/t_web_pdp_535_v2/f_auto,u_126ab356-44d8-4a06-89b4-fcdcc8df0245,c_scale,fl_relative,w_1.0,h_1.0,fl_layer_apply/210077ce-a079-4f35-9550-6f2ce4069dca/JORDAN+1+MID+SE+%28PS%29.png'),
(309, 64, 'https://static.nike.com/a/images/t_web_pdp_535_v2/f_auto,u_126ab356-44d8-4a06-89b4-fcdcc8df0245,c_scale,fl_relative,w_1.0,h_1.0,fl_layer_apply/4eb98f1f-6c04-4baf-8ce9-ac4a0ad03473/JORDAN+1+MID+SE+%28PS%29.png'),
(310, 64, 'https://static.nike.com/a/images/t_web_pdp_535_v2/f_auto,u_126ab356-44d8-4a06-89b4-fcdcc8df0245,c_scale,fl_relative,w_1.0,h_1.0,fl_layer_apply/d9bcf493-e527-4dfe-b43f-454a50efe73b/JORDAN+1+MID+SE+%28PS%29.png'),
(311, 65, 'https://static.nike.com/a/images/t_web_pdp_535_v2/f_auto,u_126ab356-44d8-4a06-89b4-fcdcc8df0245,c_scale,fl_relative,w_1.0,h_1.0,fl_layer_apply/de128b71-4f58-4e68-af5c-29f616d09123/WMNS+AIR+JORDAN+1+LOW.png'),
(312, 65, 'https://static.nike.com/a/images/t_web_pdp_535_v2/f_auto,u_126ab356-44d8-4a06-89b4-fcdcc8df0245,c_scale,fl_relative,w_1.0,h_1.0,fl_layer_apply/6f263c88-f869-4c0e-8080-65733eb48384/WMNS+AIR+JORDAN+1+LOW.png'),
(313, 65, 'https://static.nike.com/a/images/t_web_pdp_535_v2/f_auto,u_126ab356-44d8-4a06-89b4-fcdcc8df0245,c_scale,fl_relative,w_1.0,h_1.0,fl_layer_apply/f40986bd-bebf-4728-bad4-e1031d9fc0a6/WMNS+AIR+JORDAN+1+LOW.png'),
(314, 65, 'https://static.nike.com/a/images/t_web_pdp_535_v2/f_auto,u_126ab356-44d8-4a06-89b4-fcdcc8df0245,c_scale,fl_relative,w_1.0,h_1.0,fl_layer_apply/9a3a1d97-514e-4921-8703-efd2bdfe4b94/WMNS+AIR+JORDAN+1+LOW.png'),
(315, 65, 'https://static.nike.com/a/images/t_web_pdp_535_v2/f_auto,u_126ab356-44d8-4a06-89b4-fcdcc8df0245,c_scale,fl_relative,w_1.0,h_1.0,fl_layer_apply/399d0001-21d7-4089-b2f5-7f9073343b4a/WMNS+AIR+JORDAN+1+LOW.png'),
(316, 66, 'https://static.nike.com/a/images/t_web_pdp_535_v2/f_auto,u_126ab356-44d8-4a06-89b4-fcdcc8df0245,c_scale,fl_relative,w_1.0,h_1.0,fl_layer_apply/5e25cdac-5079-4c51-b9f2-b8245907c179/W+J+FLT+CLB+JKT.png'),
(317, 66, 'https://static.nike.com/a/images/t_web_pdp_535_v2/f_auto,u_126ab356-44d8-4a06-89b4-fcdcc8df0245,c_scale,fl_relative,w_1.0,h_1.0,fl_layer_apply/8c893fcc-8434-41a2-b952-3c001cc1ee5b/W+J+FLT+CLB+JKT.png'),
(318, 66, 'https://static.nike.com/a/images/t_web_pdp_535_v2/f_auto,u_126ab356-44d8-4a06-89b4-fcdcc8df0245,c_scale,fl_relative,w_1.0,h_1.0,fl_layer_apply/5bf31ea0-d5b7-446c-ad94-fb7c31633224/W+J+FLT+CLB+JKT.png'),
(319, 66, 'https://static.nike.com/a/images/t_web_pdp_535_v2/f_auto,u_126ab356-44d8-4a06-89b4-fcdcc8df0245,c_scale,fl_relative,w_1.0,h_1.0,fl_layer_apply/9cb19213-47f1-4c15-ba31-d95b58e7d3df/W+J+FLT+CLB+JKT.png'),
(320, 66, 'https://static.nike.com/a/images/t_web_pdp_535_v2/f_auto,u_126ab356-44d8-4a06-89b4-fcdcc8df0245,c_scale,fl_relative,w_1.0,h_1.0,fl_layer_apply/accd2ebd-ee1b-4038-af89-c9a731742aab/W+J+FLT+CLB+JKT.png'),
(321, 67, 'https://static.nike.com/a/images/t_web_pdp_535_v2/f_auto,u_126ab356-44d8-4a06-89b4-fcdcc8df0245,c_scale,fl_relative,w_1.0,h_1.0,fl_layer_apply/a95d352e-1fa7-4a7a-8373-94819f0c3787/WMNS+JORDAN+TRUNNER+LX+-+MTR.png'),
(322, 67, 'https://static.nike.com/a/images/t_web_pdp_535_v2/f_auto,u_126ab356-44d8-4a06-89b4-fcdcc8df0245,c_scale,fl_relative,w_1.0,h_1.0,fl_layer_apply/6a51a320-82a5-4f47-b26c-e2682aa6fd93/WMNS+JORDAN+TRUNNER+LX+-+MTR.png'),
(323, 67, 'https://static.nike.com/a/images/t_web_pdp_535_v2/f_auto,u_126ab356-44d8-4a06-89b4-fcdcc8df0245,c_scale,fl_relative,w_1.0,h_1.0,fl_layer_apply/5b21beb5-39ae-45f4-9434-24294b38b201/WMNS+JORDAN+TRUNNER+LX+-+MTR.png'),
(324, 67, 'https://static.nike.com/a/images/t_web_pdp_535_v2/f_auto,u_126ab356-44d8-4a06-89b4-fcdcc8df0245,c_scale,fl_relative,w_1.0,h_1.0,fl_layer_apply/3cdd26fd-e9aa-4a7f-949a-0df7254d48c7/WMNS+JORDAN+TRUNNER+LX+-+MTR.png'),
(325, 67, 'https://static.nike.com/a/images/t_web_pdp_535_v2/f_auto,u_126ab356-44d8-4a06-89b4-fcdcc8df0245,c_scale,fl_relative,w_1.0,h_1.0,fl_layer_apply/2adc2512-5cb7-4d32-b4e5-efaa8530d3ca/WMNS+JORDAN+TRUNNER+LX+-+MTR.png'),
(326, 68, 'https://static.nike.com/a/images/t_web_pdp_535_v2/f_auto,u_126ab356-44d8-4a06-89b4-fcdcc8df0245,c_scale,fl_relative,w_1.0,h_1.0,fl_layer_apply/c5861ce4-7e91-4eed-a819-2c5e5eaa1ad3/WMNS+AIR+JORDAN+1+LOW.png'),
(327, 68, 'https://static.nike.com/a/images/t_web_pdp_535_v2/f_auto,u_126ab356-44d8-4a06-89b4-fcdcc8df0245,c_scale,fl_relative,w_1.0,h_1.0,fl_layer_apply/6cc8b9fc-9f91-4963-8f41-44482e790471/WMNS+AIR+JORDAN+1+LOW.png'),
(328, 68, 'https://static.nike.com/a/images/t_web_pdp_535_v2/f_auto,u_126ab356-44d8-4a06-89b4-fcdcc8df0245,c_scale,fl_relative,w_1.0,h_1.0,fl_layer_apply/7709df52-f96e-4c12-9f13-ca13d5198971/WMNS+AIR+JORDAN+1+LOW.png'),
(329, 68, 'https://static.nike.com/a/images/t_web_pdp_535_v2/f_auto,u_126ab356-44d8-4a06-89b4-fcdcc8df0245,c_scale,fl_relative,w_1.0,h_1.0,fl_layer_apply/8b689ec3-0967-449a-a9e2-04bb3152b2bc/WMNS+AIR+JORDAN+1+LOW.png'),
(330, 68, 'https://static.nike.com/a/images/t_web_pdp_535_v2/f_auto,u_126ab356-44d8-4a06-89b4-fcdcc8df0245,c_scale,fl_relative,w_1.0,h_1.0,fl_layer_apply/35e9a24e-6337-4fda-abbb-6bc8e31c12c1/WMNS+AIR+JORDAN+1+LOW.png'),
(331, 69, 'https://static.nike.com/a/images/t_web_pdp_535_v2/f_auto,u_126ab356-44d8-4a06-89b4-fcdcc8df0245,c_scale,fl_relative,w_1.0,h_1.0,fl_layer_apply/b0a88f98-49f4-4cad-a742-c7c5bbda9ad1/WMNS+AIR+JORDAN+1+BROOKLYN.png'),
(332, 69, 'https://static.nike.com/a/images/t_web_pdp_535_v2/f_auto,u_126ab356-44d8-4a06-89b4-fcdcc8df0245,c_scale,fl_relative,w_1.0,h_1.0,fl_layer_apply/c643e219-8f43-4322-b580-608a97076d12/WMNS+AIR+JORDAN+1+BROOKLYN.png'),
(333, 69, 'https://static.nike.com/a/images/t_web_pdp_535_v2/f_auto,u_126ab356-44d8-4a06-89b4-fcdcc8df0245,c_scale,fl_relative,w_1.0,h_1.0,fl_layer_apply/2e445b01-9331-456f-ae92-a349822d557a/WMNS+AIR+JORDAN+1+BROOKLYN.png'),
(334, 69, 'https://static.nike.com/a/images/t_web_pdp_535_v2/f_auto,u_126ab356-44d8-4a06-89b4-fcdcc8df0245,c_scale,fl_relative,w_1.0,h_1.0,fl_layer_apply/76fbe279-dc87-40c0-a3e6-06805c33b9fd/WMNS+AIR+JORDAN+1+BROOKLYN.png'),
(335, 69, 'https://static.nike.com/a/images/t_web_pdp_535_v2/f_auto,u_126ab356-44d8-4a06-89b4-fcdcc8df0245,c_scale,fl_relative,w_1.0,h_1.0,fl_layer_apply/ee8a607d-7e63-4d41-9634-d5d9a32a6755/WMNS+AIR+JORDAN+1+BROOKLYN.png'),
(336, 70, 'https://static.nike.com/a/images/t_web_pdp_535_v2/f_auto,u_126ab356-44d8-4a06-89b4-fcdcc8df0245,c_scale,fl_relative,w_1.0,h_1.0,fl_layer_apply/f66dadd6-70ad-434d-bdd2-17895f66a42b/JORDAN+1+LOW+ALT+SE+%28TD%29.png'),
(337, 70, 'https://static.nike.com/a/images/t_web_pdp_535_v2/f_auto,u_126ab356-44d8-4a06-89b4-fcdcc8df0245,c_scale,fl_relative,w_1.0,h_1.0,fl_layer_apply/a4f2b49f-533d-4750-aed9-eeb8bb0ae726/JORDAN+1+LOW+ALT+SE+%28TD%29.png'),
(338, 70, 'https://static.nike.com/a/images/t_web_pdp_535_v2/f_auto,u_126ab356-44d8-4a06-89b4-fcdcc8df0245,c_scale,fl_relative,w_1.0,h_1.0,fl_layer_apply/508d5747-8328-4cb1-9835-7c1adf39191a/JORDAN+1+LOW+ALT+SE+%28TD%29.png'),
(339, 70, 'https://static.nike.com/a/images/t_web_pdp_535_v2/f_auto,u_126ab356-44d8-4a06-89b4-fcdcc8df0245,c_scale,fl_relative,w_1.0,h_1.0,fl_layer_apply/5eeba932-7911-4ecb-8526-c63bf9b75769/JORDAN+1+LOW+ALT+SE+%28TD%29.png'),
(340, 70, 'https://static.nike.com/a/images/t_web_pdp_535_v2/f_auto,u_126ab356-44d8-4a06-89b4-fcdcc8df0245,c_scale,fl_relative,w_1.0,h_1.0,fl_layer_apply/284ea2c9-d8cd-4d22-ad65-66c9f0feaa6d/JORDAN+1+LOW+ALT+SE+%28TD%29.png'),
(341, 71, 'https://static.nike.com/a/images/t_web_pdp_535_v2/f_auto,u_126ab356-44d8-4a06-89b4-fcdcc8df0245,c_scale,fl_relative,w_1.0,h_1.0,fl_layer_apply/537f0ebe-d4e1-4652-b1e7-a6282c97a8fb/WMNS+JORDAN+NOLA+SLIDE.png'),
(342, 71, 'https://static.nike.com/a/images/t_web_pdp_535_v2/f_auto,u_126ab356-44d8-4a06-89b4-fcdcc8df0245,c_scale,fl_relative,w_1.0,h_1.0,fl_layer_apply/8fca7384-338a-4958-baf2-f88d3d008b6f/WMNS+JORDAN+NOLA+SLIDE.png'),
(343, 71, 'https://static.nike.com/a/images/t_web_pdp_535_v2/f_auto,u_126ab356-44d8-4a06-89b4-fcdcc8df0245,c_scale,fl_relative,w_1.0,h_1.0,fl_layer_apply/a4b18e97-ea5e-4d9d-b9e9-6724e18315a3/WMNS+JORDAN+NOLA+SLIDE.png'),
(344, 71, 'https://static.nike.com/a/images/t_web_pdp_535_v2/f_auto,u_126ab356-44d8-4a06-89b4-fcdcc8df0245,c_scale,fl_relative,w_1.0,h_1.0,fl_layer_apply/a249cdb0-e2ba-4c56-ad89-eed3ab661c8a/WMNS+JORDAN+NOLA+SLIDE.png'),
(345, 71, 'https://static.nike.com/a/images/t_web_pdp_535_v2/f_auto,u_126ab356-44d8-4a06-89b4-fcdcc8df0245,c_scale,fl_relative,w_1.0,h_1.0,fl_layer_apply/08686568-1ff2-4024-b75c-e8e0d47dba85/WMNS+JORDAN+NOLA+SLIDE.png'),
(346, 72, 'https://static.massimodutti.net/assets/public/dcf0/b208/6f194b37bec4/11a913a27947/06806303251-o6/06806303251-o6.jpg?ts=1769081574857&w=undefined&f=auto'),
(347, 72, 'https://static.massimodutti.net/assets/public/f73b/33fe/340a4209b764/32e53edb1e39/06806303251-o7/06806303251-o7.jpg?ts=1769081575059&w=undefined&f=auto'),
(348, 72, 'https://static.massimodutti.net/assets/public/b818/365f/b6d748968907/29dd20898c83/06806303251-o8/06806303251-o8.jpg?ts=1769081574309&w=undefined&f=auto'),
(349, 72, 'https://static.massimodutti.net/assets/public/bafa/079c/fe9d427aac62/095d8c3f8c80/06806303251-o9/06806303251-o9.jpg?ts=1769081575615&w=undefined&f=auto'),
(350, 73, 'https://static.massimodutti.net/assets/public/5ac0/cf95/f1ed48e4838f/d27bee6e2b20/06618511800-o6/06618511800-o6.jpg?ts=1768922086630&w=undefined&f=auto'),
(351, 73, 'https://static.massimodutti.net/assets/public/f3e1/f06f/084e4601b2a1/d798536d5b44/06618511800-o7/06618511800-o7.jpg?ts=1768922086620&w=undefined&f=auto'),
(352, 73, 'https://static.massimodutti.net/assets/public/d500/ab69/0ce347daa131/4c5faddd0f44/06618511800-r/06618511800-r.jpg?ts=1768904172169&w=100&f=auto'),
(353, 74, 'https://static.massimodutti.net/assets/public/7215/9ce7/789f44428dc0/f4b8ddc49bf1/06878951600-o6/06878951600-o6.jpg?ts=1768306850288&w=undefined&f=auto'),
(354, 74, 'https://static.massimodutti.net/assets/public/53c1/127f/08674ed2bd8d/859dfd5fe851/06878951600-o7/06878951600-o7.jpg?ts=1768306851026&w=undefined&f=auto'),
(355, 74, 'https://static.massimodutti.net/assets/public/acc8/c821/4e0c48e9b725/26e96bc15bfd/06878951600-r/06878951600-r.jpg?ts=1768305599224&w=100&f=auto'),
(356, 74, 'https://static.massimodutti.net/assets/public/9f5b/f48c/e9204b4c9153/4e0eadbb08cb/06878951700-r/06878951700-r.jpg?ts=1768305597203&w=100&f=auto'),
(357, 75, 'https://static.massimodutti.net/assets/public/e639/6908/245a4b47bd6e/b57f3c176113/06268522700-o7/06268522700-o7.jpg?ts=1766046747897&w=undefined&f=auto'),
(358, 75, 'https://static.massimodutti.net/assets/public/f876/f18d/69ac4e22b6eb/9c6f697cf471/06268522700-o6/06268522700-o6.jpg?ts=1766046744164&w=undefined&f=auto'),
(359, 75, 'https://static.massimodutti.net/assets/public/8e1a/042e/dc7f49e48554/fcf43efd9593/06268522700-r/06268522700-r.jpg?ts=1765984167013&w=100&f=auto'),
(360, 75, 'https://static.massimodutti.net/assets/public/3482/4688/f01149cd867a/39ab31c17b5d/06268522700-o1/06268522700-o1.jpg?ts=1765984164167&w=undefined&f=auto'),
(361, 76, 'https://static.massimodutti.net/assets/public/774b/0830/0a6e49cf86c4/51ef26ae9182/11407750719-o1/11407750719-o1.jpg?ts=1767789577737&w=undefined&f=auto'),
(362, 76, 'https://static.massimodutti.net/assets/public/dce6/f357/8c05447ea505/e13fb4e78c91/11407750719-o3/11407750719-o3.jpg?ts=1767789579409&w=undefined&f=auto'),
(363, 76, 'https://static.massimodutti.net/assets/public/c85e/5961/75074b268b4f/c8eca2de3692/11407750719-r/11407750719-r.jpg?ts=1767789577609&w=100&f=auto'),
(364, 76, 'https://static.massimodutti.net/assets/public/42cf/8f8e/5ac14b26bcbd/3597aba3d5ab/11407750719-o2/11407750719-o2.jpg?ts=1767789578573&w=undefined&f=auto'),
(365, 77, 'https://static.massimodutti.net/assets/public/3e31/ce56/c2c6438abe3d/e9d9aa52ad1c/11433750800-o1/11433750800-o1.jpg?ts=1768555182037&w=undefined&f=auto'),
(366, 77, 'https://static.massimodutti.net/assets/public/e690/182f/d2604a67809b/4c71ea518fbb/11433750800-o3/11433750800-o3.jpg?ts=1768555182419&w=undefined&f=auto'),
(367, 77, 'https://static.massimodutti.net/assets/public/67b9/22df/c63047548315/03ead32cf49a/11433750800-r/11433750800-r.jpg?ts=1768555178601&w=100&f=auto'),
(368, 77, 'https://static.massimodutti.net/assets/public/04d2/6d3f/738945fa8373/c1828fd65b44/11433750800-o2/11433750800-o2.jpg?ts=1768555182157&w=undefined&f=auto'),
(369, 78, 'https://static.massimodutti.net/assets/public/c2d5/5a6c/eba54252b260/fec7007ba8f1/11123650624-o1/11123650624-o1.jpg?ts=1763989227645&w=undefined&f=auto'),
(370, 78, 'https://static.massimodutti.net/assets/public/50c9/de9b/d5a2442da63e/d46b5116e85d/11123650624-o3/11123650624-o3.jpg?ts=1763556818956&w=undefined&f=auto'),
(371, 78, 'https://static.massimodutti.net/assets/public/3961/255a/52cf4f329594/925f8d0284ec/11123650624-r/11123650624-r.jpg?ts=1763556818436&w=100&f=auto'),
(372, 78, 'https://static.massimodutti.net/assets/public/6a78/f6af/2b9247119a7b/9d2eded3bdb7/11123650624-o2/11123650624-o2.jpg?ts=1763556801711&w=undefined&f=auto'),
(373, 79, 'https://static.massimodutti.net/assets/public/3f2b/eb3b/781d41e7b45a/2c736f10b50e/05011300982-o6/05011300982-o6.jpg?ts=1768489937726&w=undefined&f=auto'),
(374, 79, 'https://static.massimodutti.net/assets/public/05f3/6571/8b924829b140/d9662fa8fbce/05011300982-o7/05011300982-o7.jpg?ts=1768489937796&w=undefined&f=auto'),
(375, 79, 'https://static.massimodutti.net/assets/public/acb2/7b4a/f67d48f19999/867e7963390c/05011300982-r/05011300982-r.jpg?ts=1768560925090&w=100&f=auto'),
(376, 79, 'https://static.massimodutti.net/assets/public/d36c/e50e/2c214286b4a5/be4190f984ea/05011300982-o1/05011300982-o1.jpg?ts=1768560925370&w=undefined&f=auto'),
(377, 80, 'https://static.massimodutti.net/assets/public/7bf9/2430/99a6451b82e7/e6c088aac743/05080770800-o6/05080770800-o6.jpg?ts=1767008171501&w=undefined&f=auto'),
(378, 80, 'https://static.massimodutti.net/assets/public/03b0/165c/9bfe44478a8f/ec1cb12e9716/05080770800-o7/05080770800-o7.jpg?ts=1767008171084&w=undefined&f=auto'),
(379, 80, 'https://static.massimodutti.net/assets/public/f134/0911/1fa54ec8b45a/b7331fc5ca2b/05080770800-r/05080770800-r.jpg?ts=1768823981637&w=100&f=auto'),
(380, 80, 'https://static.massimodutti.net/assets/public/b82f/9f0e/3f47429eb6d9/86ebe2e4663f/05080770800-o1/05080770800-o1.jpg?ts=1768823980219&w=undefined&f=auto'),
(381, 81, 'https://static.massimodutti.net/assets/public/52f8/5940/e25f456c9e0a/059ad260bf9b/02607374401-o6/02607374401-o6.jpg?ts=1768219224201&w=undefined&f=auto'),
(382, 81, 'https://static.massimodutti.net/assets/public/b82a/6d8a/23334c5ab8b0/e0dfd4c40763/02607374401-o7/02607374401-o7.jpg?ts=1768219223952&w=undefined&f=auto'),
(383, 81, 'https://static.massimodutti.net/assets/public/1a72/06ac/86184bdeb7bf/01e457dd85d6/02607374401-r/02607374401-r.jpg?ts=1768316543542&w=100&f=auto'),
(384, 81, 'https://static.massimodutti.net/assets/public/ea3a/b42d/e41b486180b0/474e166d2ac3/02607374401-o1/02607374401-o1.jpg?ts=1768316545379&w=undefined&f=auto'),
(385, 82, 'https://static.massimodutti.net/assets/public/a02f/6e47/62594098828e/b9e535494b4d/03117435802-o6/03117435802-o6.jpg?ts=1768839713792&w=undefined&f=auto'),
(386, 82, 'https://static.massimodutti.net/assets/public/6839/9643/223e4ab3bdb1/54cef37ad419/03117435802-o7/03117435802-o7.jpg?ts=1768839715220&w=undefined&f=auto'),
(387, 82, 'https://static.massimodutti.net/assets/public/9543/0bfd/410840cb998c/f30809171e9c/03117435802-r/03117435802-r.jpg?ts=1768894900172&w=100&f=auto'),
(388, 82, 'https://static.massimodutti.net/assets/public/e363/c69c/68524643aad0/cee6687a0928/03117435401-r/03117435401-r.jpg?ts=1768838046935&w=100&f=auto'),
(389, 83, 'https://static.massimodutti.net/assets/public/aeff/8d2a/2a1643c78c29/eb7bb0b06b9e/03105445716-o6/03105445716-o6.jpg?ts=1762763319687&w=undefined&f=auto'),
(390, 83, 'https://static.massimodutti.net/assets/public/1e34/4c63/f054461bb738/cb968f06d27c/03105445716-o7/03105445716-o7.jpg?ts=1762763322993&w=undefined&f=auto'),
(391, 83, 'https://static.massimodutti.net/assets/public/3da2/b81f/56324d9fb200/4be50349c741/03105445716-o8/03105445716-o8.jpg?ts=1762763326707&w=undefined&f=auto'),
(392, 83, 'https://static.massimodutti.net/assets/public/578b/00db/5ef046e480a2/dce3b2d32300/03105445716-r/03105445716-r.jpg?ts=1762269057461&w=100&f=auto'),
(393, 84, 'https://static.massimodutti.net/assets/public/1a44/2d86/d3a64dd5a84e/8bc6da9eeda6/02552315700-o1/02552315700-o1.jpg?ts=1764761525122&w=undefined&f=auto'),
(394, 84, 'https://static.massimodutti.net/assets/public/d0f4/08f4/ee3a4f09851f/a7f772f5a6a0/02552315700-o3/02552315700-o3.jpg?ts=1764761524743&w=undefined&f=auto'),
(395, 84, 'https://static.massimodutti.net/assets/public/314f/d79b/01f64fac93ef/4fe59c962add/02552315700-r/02552315700-r.jpg?ts=1764761520410&w=100&f=auto'),
(396, 84, 'https://static.massimodutti.net/assets/public/6230/c985/336e4f208fe5/b444113c7503/02552315700-o2/02552315700-o2.jpg?ts=1764761518264&w=undefined&f=auto'),
(397, 85, 'https://static.massimodutti.net/assets/public/6d4a/1dbc/e5534b28abc0/c83078c5fecb/02500300808-o1/02500300808-o1.jpg?ts=1761568624877&w=undefined&f=auto'),
(398, 85, 'https://static.massimodutti.net/assets/public/d594/bd5f/291f4d01b475/b8f832cfd394/02500300808-o3/02500300808-o3.jpg?ts=1761568623904&w=undefined&f=auto'),
(399, 85, 'https://static.massimodutti.net/assets/public/f1cb/3d3d/2e1545a19173/a4e489547847/02500300808-r/02500300808-r.jpg?ts=1761568623392&w=100&f=auto'),
(400, 85, 'https://static.massimodutti.net/assets/public/9543/9353/e43d41a6a7b9/8a9258a5e71c/02500300302-r/02500300302-r.jpg?ts=1761568560639&w=100&f=auto'),
(401, 86, 'https://static.massimodutti.net/assets/public/48f1/b3bd/35ea43a8b057/16ae41135409/01418212353-o6/01418212353-o6.jpg?ts=1763561888917&w=undefined&f=auto'),
(402, 86, 'https://static.massimodutti.net/assets/public/83c2/9c65/cc344a1f9ba6/6612ec125161/01418212353-o7/01418212353-o7.jpg?ts=1763561890142&w=undefined&f=auto'),
(403, 86, 'https://static.massimodutti.net/assets/public/f793/4f49/de1b4da08734/d85bacc1ca86/01418212353-r/01418212353-r.jpg?ts=1764012163179&w=100&f=auto'),
(404, 86, 'https://static.massimodutti.net/assets/public/f390/9a05/29aa425e9751/badc9003366e/01418212250-r/01418212250-r.jpg?ts=1738929242812&w=100&f=auto'),
(405, 87, 'https://static.massimodutti.net/assets/public/6740/38c0/0d87496b84da/5fa5797649d8/00637300925-o6/00637300925-o6.jpg?ts=1768920091455&w=undefined&f=auto'),
(406, 87, 'https://static.massimodutti.net/assets/public/11aa/d3e2/cba74fb2b089/ab551d37b9e5/00637300925-o7/00637300925-o7.jpg?ts=1768920091700&w=undefined&f=auto'),
(407, 87, 'https://static.massimodutti.net/assets/public/2cd7/f52f/893f48978919/371032310998/00637300925-r/00637300925-r.jpg?ts=1768392439854&w=100&f=auto'),
(408, 87, 'https://static.massimodutti.net/assets/public/ca64/2c59/484d4edc9e99/06e5306a2ed6/00637300441-r/00637300441-r.jpg?ts=1768392432923&w=100&f=auto'),
(409, 88, 'https://www.newera.mx/cdn/shop/files/60669223_9SEVENTY_REDBULLTEAMLINE_RBULLF1_NAV_3QL_2048x.jpg?v=1739383201'),
(410, 88, 'https://www.newera.mx/cdn/shop/files/60669223_9SEVENTY_REDBULLTEAMLINE_RBULLF1_NAV_F_2048x.jpg?v=1739383201'),
(411, 88, 'https://www.newera.mx/cdn/shop/files/60669223_9SEVENTY_REDBULLTEAMLINE_RBULLF1_NAV_3QR_2048x.jpg?v=1739383201'),
(412, 88, 'https://www.newera.mx/cdn/shop/files/60669223_9SEVENTY_REDBULLTEAMLINE_RBULLF1_NAV_LSIDE_2048x.jpg?v=1739383201'),
(413, 88, 'https://www.newera.mx/cdn/shop/files/60669223_9SEVENTY_REDBULLTEAMLINE_RBULLF1_NAV_RSIDE_2048x.jpg?v=1739383201'),
(414, 89, 'https://www.newera.mx/cdn/shop/files/60669289_59FIFTY_MCLAREN_ECOM_MCLAREN_ORG_3QL_2048x.jpg?v=1740431408'),
(415, 89, 'https://www.newera.mx/cdn/shop/files/60669289_59FIFTY_MCLAREN_ECOM_MCLAREN_ORG_F_2048x.jpg?v=1740431419'),
(416, 89, 'https://www.newera.mx/cdn/shop/files/60669289_59FIFTY_MCLAREN_ECOM_MCLAREN_ORG_3QR_2048x.jpg?v=1740431419'),
(417, 89, 'https://www.newera.mx/cdn/shop/files/60669289_59FIFTY_MCLAREN_ECOM_MCLAREN_ORG_LSIDE_2048x.jpg?v=1740431419'),
(418, 89, 'https://www.newera.mx/cdn/shop/files/60669289_59FIFTY_MCLAREN_ECOM_MCLAREN_ORG_RSIDE_2048x.jpg?v=1740431419'),
(419, 90, 'https://www.newera.mx/cdn/shop/files/60669363_9SEVENTY_ALPINE_25_SILVERSTONE_ALPINE_MULTI_3QL_2048x.jpg?v=1743394385'),
(420, 90, 'https://www.newera.mx/cdn/shop/files/60669363_9SEVENTY_ALPINE_25_SILVERSTONE_ALPINE_MULTI_F_2048x.jpg?v=1743394385'),
(421, 90, 'https://www.newera.mx/cdn/shop/files/60669363_9SEVENTY_ALPINE_25_SILVERSTONE_ALPINE_MULTI_3QR_2048x.jpg?v=1743394385'),
(422, 90, 'https://www.newera.mx/cdn/shop/files/60669363_9SEVENTY_ALPINE_25_SILVERSTONE_ALPINE_MULTI_LSIDE_2048x.jpg?v=1743394385'),
(423, 90, 'https://www.newera.mx/cdn/shop/files/60669363_9SEVENTY_ALPINE_25_SILVERSTONE_ALPINE_MULTI_RSIDE_2048x.jpg?v=1743394385'),
(424, 91, 'https://www.newera.mx/cdn/shop/files/60669369_9SEVENTYSS_ALPINE_GRY_3QL_2048x.jpg?v=1743394339'),
(425, 91, 'https://www.newera.mx/cdn/shop/files/60669369_9SEVENTYSS_ALPINE_GRY_F_2048x.jpg?v=1743394339'),
(426, 91, 'https://www.newera.mx/cdn/shop/files/60669369_9SEVENTYSS_ALPINE_GRY_3QR_2048x.jpg?v=1743394339'),
(427, 91, 'https://www.newera.mx/cdn/shop/files/60669369_9SEVENTYSS_ALPINE_GRY_RSIDE_2048x.jpg?v=1743394339'),
(428, 91, 'https://www.newera.mx/cdn/shop/files/60669369_9SEVENTYSS_ALPINE_GRY_R_2048x.jpg?v=1743394339'),
(429, 92, 'https://www.newera.mx/cdn/shop/files/60667351_KNIT_RACING_REDBULL_BL_F_2048x.jpg?v=1741716119'),
(430, 92, 'https://www.newera.mx/cdn/shop/files/60667351_KNIT_RACING_REDBULL_BL_R_2048x.jpg?v=1741716118'),
(431, 93, 'https://www.newera.mx/cdn/shop/files/60669235_KNIT_F1TEAM_REDBULL_NVY_F_2048x.png?v=1741625881'),
(432, 93, 'https://www.newera.mx/cdn/shop/files/60669235_KNIT_F1TEAM_REDBULL_NVY_R_2048x.png?v=1741625903'),
(433, 94, 'https://static.nike.com/a/images/t_web_pdp_535_v2/f_auto,u_9ddf04c7-2a9a-4d76-add1-d15af8f0263d,c_scale,fl_relative,w_1.0,h_1.0,fl_layer_apply/db03bd03-362f-4d7d-b05f-1f128a39b532/AIR+FORCE+1+%2707+LV8.png'),
(434, 94, 'https://static.nike.com/a/images/t_web_pdp_535_v2/f_auto,u_9ddf04c7-2a9a-4d76-add1-d15af8f0263d,c_scale,fl_relative,w_1.0,h_1.0,fl_layer_apply/b5fac0f3-6daa-47dc-a6fe-b1ac9507bc5e/AIR+FORCE+1+%2707+LV8.png'),
(435, 94, 'https://static.nike.com/a/images/t_web_pdp_535_v2/f_auto,u_9ddf04c7-2a9a-4d76-add1-d15af8f0263d,c_scale,fl_relative,w_1.0,h_1.0,fl_layer_apply/04a02cac-9fd6-43a9-8e20-064854456787/AIR+FORCE+1+%2707+LV8.png'),
(436, 94, 'https://static.nike.com/a/images/t_web_pdp_535_v2/f_auto,u_9ddf04c7-2a9a-4d76-add1-d15af8f0263d,c_scale,fl_relative,w_1.0,h_1.0,fl_layer_apply/26fd15ae-6d6c-4a3e-b758-7b8f1ce0d301/AIR+FORCE+1+%2707+LV8.png'),
(437, 94, 'https://static.nike.com/a/images/t_web_pdp_535_v2/f_auto,u_9ddf04c7-2a9a-4d76-add1-d15af8f0263d,c_scale,fl_relative,w_1.0,h_1.0,fl_layer_apply/dc5f3b0c-374a-4983-9093-64e5c1d4b714/AIR+FORCE+1+%2707+LV8.png'),
(438, 95, 'https://static.nike.com/a/images/t_web_pdp_535_v2/f_auto,u_9ddf04c7-2a9a-4d76-add1-d15af8f0263d,c_scale,fl_relative,w_1.0,h_1.0,fl_layer_apply/29fdb027-d7ac-405f-b73c-86378de17cbf/NIKE+AIR+MAX+MOTO+2K.png'),
(439, 95, 'https://static.nike.com/a/images/t_web_pdp_535_v2/f_auto,u_9ddf04c7-2a9a-4d76-add1-d15af8f0263d,c_scale,fl_relative,w_1.0,h_1.0,fl_layer_apply/810d1d20-b7f1-438d-a893-d5a64da86c07/NIKE+AIR+MAX+MOTO+2K.png'),
(440, 95, 'https://static.nike.com/a/images/t_web_pdp_535_v2/f_auto,u_9ddf04c7-2a9a-4d76-add1-d15af8f0263d,c_scale,fl_relative,w_1.0,h_1.0,fl_layer_apply/6fe952a8-65af-40c8-9e2a-83af116e2bff/NIKE+AIR+MAX+MOTO+2K.png'),
(441, 95, 'https://static.nike.com/a/images/t_web_pdp_535_v2/f_auto,u_9ddf04c7-2a9a-4d76-add1-d15af8f0263d,c_scale,fl_relative,w_1.0,h_1.0,fl_layer_apply/0a55afc7-f3f5-487b-a8b0-ceb923017057/NIKE+AIR+MAX+MOTO+2K.png'),
(442, 95, 'https://static.nike.com/a/images/t_web_pdp_535_v2/f_auto,u_9ddf04c7-2a9a-4d76-add1-d15af8f0263d,c_scale,fl_relative,w_1.0,h_1.0,fl_layer_apply/4ab526a7-39eb-4e51-b634-6df015202718/NIKE+AIR+MAX+MOTO+2K.png'),
(443, 96, 'https://static.nike.com/a/images/t_web_pdp_535_v2/f_auto,u_9ddf04c7-2a9a-4d76-add1-d15af8f0263d,c_scale,fl_relative,w_1.0,h_1.0,fl_layer_apply/0b6159da-a1e1-4f6f-9654-ee93d3e579a3/W+NIKE+ASTROGRABBER+TXT.png'),
(444, 96, 'https://static.nike.com/a/images/t_web_pdp_535_v2/f_auto,u_9ddf04c7-2a9a-4d76-add1-d15af8f0263d,c_scale,fl_relative,w_1.0,h_1.0,fl_layer_apply/41b54219-13f6-416f-b71c-bf27e918258f/W+NIKE+ASTROGRABBER+TXT.png'),
(445, 96, 'https://static.nike.com/a/images/t_web_pdp_535_v2/f_auto,u_9ddf04c7-2a9a-4d76-add1-d15af8f0263d,c_scale,fl_relative,w_1.0,h_1.0,fl_layer_apply/62e3934f-c1d3-470d-8b37-5f9e4b6a3c6c/W+NIKE+ASTROGRABBER+TXT.png'),
(446, 96, 'https://static.nike.com/a/images/t_web_pdp_535_v2/f_auto,u_9ddf04c7-2a9a-4d76-add1-d15af8f0263d,c_scale,fl_relative,w_1.0,h_1.0,fl_layer_apply/bf2cbd15-44f6-4440-adf7-b04a395834e9/W+NIKE+ASTROGRABBER+TXT.png'),
(447, 96, 'https://static.nike.com/a/images/t_web_pdp_535_v2/f_auto,u_9ddf04c7-2a9a-4d76-add1-d15af8f0263d,c_scale,fl_relative,w_1.0,h_1.0,fl_layer_apply/d8e092e3-3ee3-433f-98ba-67a832f15a22/W+NIKE+ASTROGRABBER+TXT.png'),
(448, 97, 'https://static.nike.com/a/images/t_web_pdp_535_v2/f_auto,u_9ddf04c7-2a9a-4d76-add1-d15af8f0263d,c_scale,fl_relative,w_1.0,h_1.0,fl_layer_apply/5477c679-2c2c-4e57-a379-179553324249/W+NIKE+ASTROGRABBER+LTHR.png'),
(449, 97, 'https://static.nike.com/a/images/t_web_pdp_535_v2/f_auto,u_9ddf04c7-2a9a-4d76-add1-d15af8f0263d,c_scale,fl_relative,w_1.0,h_1.0,fl_layer_apply/19b68ebc-eaeb-42ea-ae32-26f40a544038/W+NIKE+ASTROGRABBER+LTHR.png'),
(450, 97, 'https://static.nike.com/a/images/t_web_pdp_535_v2/f_auto,u_9ddf04c7-2a9a-4d76-add1-d15af8f0263d,c_scale,fl_relative,w_1.0,h_1.0,fl_layer_apply/7dcc78d2-c40f-4391-b3a3-e7c9334cc717/W+NIKE+ASTROGRABBER+LTHR.png'),
(451, 97, 'https://static.nike.com/a/images/t_web_pdp_535_v2/f_auto,u_9ddf04c7-2a9a-4d76-add1-d15af8f0263d,c_scale,fl_relative,w_1.0,h_1.0,fl_layer_apply/7cab9aaf-3c1a-48bb-ad71-b3cec06d64c4/W+NIKE+ASTROGRABBER+LTHR.png'),
(452, 97, 'https://static.nike.com/a/images/t_web_pdp_535_v2/f_auto,u_9ddf04c7-2a9a-4d76-add1-d15af8f0263d,c_scale,fl_relative,w_1.0,h_1.0,fl_layer_apply/861ff0b4-9768-4202-b044-67bed29b9893/W+NIKE+ASTROGRABBER+LTHR.png'),
(453, 98, 'https://static.nike.com/a/images/t_web_pdp_535_v2/f_auto,u_9ddf04c7-2a9a-4d76-add1-d15af8f0263d,c_scale,fl_relative,w_1.0,h_1.0,fl_layer_apply/12435aee-a6d3-4a18-86f6-e218f6b070a8/W+NIKE+COURT+VISION+LO+P+NBK.png'),
(454, 98, 'https://static.nike.com/a/images/t_web_pdp_535_v2/f_auto,u_9ddf04c7-2a9a-4d76-add1-d15af8f0263d,c_scale,fl_relative,w_1.0,h_1.0,fl_layer_apply/ef86edb9-5a39-4485-b727-98375c7215cc/W+NIKE+COURT+VISION+LO+P+NBK.png'),
(455, 98, 'https://static.nike.com/a/images/t_web_pdp_535_v2/f_auto,u_9ddf04c7-2a9a-4d76-add1-d15af8f0263d,c_scale,fl_relative,w_1.0,h_1.0,fl_layer_apply/3f563231-f854-4fe7-8664-625ce2553723/W+NIKE+COURT+VISION+LO+P+NBK.png'),
(456, 98, 'https://static.nike.com/a/images/t_web_pdp_535_v2/f_auto,u_9ddf04c7-2a9a-4d76-add1-d15af8f0263d,c_scale,fl_relative,w_1.0,h_1.0,fl_layer_apply/6ce92fa8-2602-4e86-9f2f-abce2811bfb4/W+NIKE+COURT+VISION+LO+P+NBK.png'),
(457, 98, 'https://static.nike.com/a/images/t_web_pdp_535_v2/f_auto,u_9ddf04c7-2a9a-4d76-add1-d15af8f0263d,c_scale,fl_relative,w_1.0,h_1.0,fl_layer_apply/edc40aef-09f1-4bfa-9a76-cdca54c1185e/W+NIKE+COURT+VISION+LO+P+NBK.png'),
(458, 99, 'https://static.nike.com/a/images/t_web_pdp_535_v2/f_auto/173c926d-acbc-433b-96a1-23984111921f/M+NK+CLUB+WVN+TAPER+PANT.png'),
(459, 99, 'https://static.nike.com/a/images/t_web_pdp_535_v2/f_auto/c635cac6-82f7-4323-8562-8c4a2a2bfb46/M+NK+CLUB+WVN+TAPER+PANT.png'),
(460, 99, 'https://static.nike.com/a/images/t_web_pdp_535_v2/f_auto/380669c4-7b6e-48d5-b351-cacb3d6688dc/M+NK+CLUB+WVN+TAPER+PANT.png'),
(461, 99, 'https://static.nike.com/a/images/t_web_pdp_535_v2/f_auto/8c9d81b1-dc4c-4bf5-ac2f-d8484870be7a/M+NK+CLUB+WVN+TAPER+PANT.png'),
(462, 99, 'https://static.nike.com/a/images/t_web_pdp_535_v2/f_auto/9d7d1f40-736f-48fe-a1aa-9cbec13f72c4/M+NK+CLUB+WVN+TAPER+PANT.png'),
(463, 100, 'https://thenorthfacemx.vtexassets.com/arquivos/ids/1598511/NF0A2VD3JVL_1.jpg?v=639003989454300000'),
(464, 100, 'https://thenorthfacemx.vtexassets.com/arquivos/ids/1598512/NF0A2VD3JVL_2.jpg?v=639003989456930000'),
(465, 100, 'https://thenorthfacemx.vtexassets.com/arquivos/ids/1598513/NF0A2VD3JVL_3.jpg?v=639003989459600000'),
(466, 100, 'https://thenorthfacemx.vtexassets.com/arquivos/ids/1598514/NF0A2VD3JVL_4.jpg?v=639003989462230000'),
(467, 100, 'https://thenorthfacemx.vtexassets.com/arquivos/ids/1598515/NF0A2VD3JVL_5.jpg?v=639003989464500000'),
(468, 101, 'https://thenorthfacemx.vtexassets.com/arquivos/ids/1618320/NF0A7UJEJK3_1.png?v=639026434183100000'),
(469, 101, 'https://thenorthfacemx.vtexassets.com/arquivos/ids/1618321/NF0A7UJEJK3_2.png?v=639027048588830000'),
(470, 101, 'https://thenorthfacemx.vtexassets.com/arquivos/ids/1618322/NF0A7UJEJK3_3.png?v=639027048588830000'),
(471, 101, 'https://thenorthfacemx.vtexassets.com/arquivos/ids/1618323/NF0A7UJEJK3_4.png?v=639027048589000000'),
(472, 102, 'https://thenorthfacemx.vtexassets.com/arquivos/ids/1519865/NF0A3C8DBO9_1.jpg?v=638902000316000000'),
(473, 102, 'https://thenorthfacemx.vtexassets.com/arquivos/ids/1519866/NF0A3C8DBO9_2.jpg?v=638902000321630000'),
(474, 102, 'https://thenorthfacemx.vtexassets.com/arquivos/ids/1519867/NF0A3C8DBO9_3.jpg?v=638902000326170000'),
(475, 102, 'https://thenorthfacemx.vtexassets.com/arquivos/ids/1519868/NF0A3C8DBO9_4.jpg?v=638902000328900000'),
(476, 102, 'https://thenorthfacemx.vtexassets.com/arquivos/ids/1519869/NF0A3C8DBO9_5.jpg?v=638902000331100000'),
(477, 103, 'https://thenorthfacemx.vtexassets.com/arquivos/ids/1519811/NF0A3C8D0VO_1.jpg?v=638902000035770000'),
(478, 103, 'https://thenorthfacemx.vtexassets.com/arquivos/ids/1519812/NF0A3C8D0VO_2.jpg?v=638902000038730000'),
(479, 103, 'https://thenorthfacemx.vtexassets.com/arquivos/ids/1519813/NF0A3C8D0VO_3.jpg?v=638902000041870000'),
(480, 103, 'https://thenorthfacemx.vtexassets.com/arquivos/ids/1519814/NF0A3C8D0VO_4.jpg?v=638902000044700000'),
(481, 103, 'https://thenorthfacemx.vtexassets.com/arquivos/ids/1519815/NF0A3C8D0VO_5.jpg?v=638902000047200000'),
(482, 104, 'https://thenorthfacemx.vtexassets.com/arquivos/ids/1623298/NF0A8GS6JK3_1.jpg?v=639035739746900000'),
(483, 104, 'https://thenorthfacemx.vtexassets.com/arquivos/ids/1623299/NF0A8GS6JK3_2.jpg?v=639035739749200000'),
(484, 104, 'https://thenorthfacemx.vtexassets.com/arquivos/ids/1623300/NF0A8GS6JK3_3.jpg?v=639035739750970000'),
(485, 105, 'https://thenorthfacemx.vtexassets.com/arquivos/ids/1623414/NF0A8B68G6L_1.jpg?v=639035740477130000'),
(486, 105, 'https://thenorthfacemx.vtexassets.com/arquivos/ids/1623415/NF0A8B68G6L_2.jpg?v=639035740479230000'),
(487, 105, 'https://thenorthfacemx.vtexassets.com/arquivos/ids/1623416/NF0A8B68G6L_3.jpg?v=639035740481000000'),
(488, 106, 'https://thenorthfacemx.vtexassets.com/arquivos/ids/1552750/NF0A8CY9D5O_1.jpg?v=638957134894370000'),
(489, 106, 'https://thenorthfacemx.vtexassets.com/arquivos/ids/1552751/NF0A8CY9D5O_2.jpg?v=638957134899200000'),
(490, 106, 'https://thenorthfacemx.vtexassets.com/arquivos/ids/1552752/NF0A8CY9D5O_3.jpg?v=638957134901100000'),
(491, 106, 'https://thenorthfacemx.vtexassets.com/arquivos/ids/1552753/NF0A8CY9D5O_4.jpg?v=638957134904200000'),
(492, 106, 'https://thenorthfacemx.vtexassets.com/arquivos/ids/1552754/NF0A8CY9D5O_5.jpg?v=638957134907030000'),
(493, 107, 'https://thenorthfacemx.vtexassets.com/arquivos/ids/1532395/NF0A882F3R6_1.png?v=638908045822100000'),
(494, 107, 'https://thenorthfacemx.vtexassets.com/arquivos/ids/1532396/NF0A882F3R6_2.png?v=638908045826000000'),
(495, 107, 'https://thenorthfacemx.vtexassets.com/arquivos/ids/1532397/NF0A882F3R6_3.png?v=638908045829100000'),
(496, 108, 'https://thenorthfacemx.vtexassets.com/arquivos/ids/1528223/NF0A8EGMJK3_1.jpg?v=638902057957800000'),
(497, 109, 'https://thenorthfacemx.vtexassets.com/arquivos/ids/1623862/NF0A8GN7QLI_1.jpg?v=639035743240670000'),
(498, 109, 'https://thenorthfacemx.vtexassets.com/arquivos/ids/1623863/NF0A8GN7QLI_2.jpg?v=639035743242700000'),
(499, 109, 'https://thenorthfacemx.vtexassets.com/arquivos/ids/1623864/NF0A8GN7QLI_3.jpg?v=639035743245030000'),
(500, 110, 'https://thenorthfacemx.vtexassets.com/arquivos/ids/1623882/NF0A8ET5G6O_1.jpg?v=639035743370270000'),
(501, 110, 'https://thenorthfacemx.vtexassets.com/arquivos/ids/1623883/NF0A8ET5G6O_2.jpg?v=639035743372330000'),
(502, 110, 'https://thenorthfacemx.vtexassets.com/arquivos/ids/1623884/NF0A8ET5G6O_3.jpg?v=639035743374230000'),
(503, 111, 'https://thenorthfacemx.vtexassets.com/arquivos/ids/1623751/NF0A8CWN0SO_1.jpg?v=639035742521100000'),
(504, 111, 'https://thenorthfacemx.vtexassets.com/arquivos/ids/1623752/NF0A8CWN0SO_2.jpg?v=639035742523400000'),
(505, 111, 'https://thenorthfacemx.vtexassets.com/arquivos/ids/1623753/NF0A8CWN0SO_3.jpg?v=639035742525400000'),
(506, 111, 'https://thenorthfacemx.vtexassets.com/arquivos/ids/1623754/NF0A8CWN0SO_4.jpg?v=639035742527430000'),
(507, 112, 'https://thenorthfacemx.vtexassets.com/arquivos/ids/1594292/NF0A8CAPZU3_1.jpg?v=639003829534000000'),
(508, 112, 'https://thenorthfacemx.vtexassets.com/arquivos/ids/1594293/NF0A8CAPZU3_2.jpg?v=639003829536500000'),
(509, 112, 'https://thenorthfacemx.vtexassets.com/arquivos/ids/1594294/NF0A8CAPZU3_3.jpg?v=639003829538230000'),
(510, 112, 'https://thenorthfacemx.vtexassets.com/arquivos/ids/1594295/NF0A8CAPZU3_4.jpg?v=639003829539630000'),
(511, 112, 'https://thenorthfacemx.vtexassets.com/arquivos/ids/1594296/NF0A8CAPZU3_5.jpg?v=639003829541730000'),
(512, 113, 'https://thenorthfacemx.vtexassets.com/arquivos/ids/1523169/NF0A84IUQLI_1.jpg?v=638902020524070000'),
(513, 113, 'https://thenorthfacemx.vtexassets.com/arquivos/ids/1523170/NF0A84IUQLI_2.jpg?v=638902020526570000'),
(514, 113, 'https://thenorthfacemx.vtexassets.com/arquivos/ids/1523171/NF0A84IUQLI_3.jpg?v=638902020529370000'),
(515, 113, 'https://thenorthfacemx.vtexassets.com/arquivos/ids/1523172/NF0A84IUQLI_4.jpg?v=638902020532830000'),
(516, 113, 'https://thenorthfacemx.vtexassets.com/arquivos/ids/1523173/NF0A84IUQLI_5.jpg?v=638902020537370000'),
(517, 114, 'https://thenorthfacemx.vtexassets.com/arquivos/ids/1548501/NF0A5FXADOU_1.jpg?v=638957101979570000'),
(518, 114, 'https://thenorthfacemx.vtexassets.com/arquivos/ids/1548502/NF0A5FXADOU_2.jpg?v=638978944660000000'),
(519, 114, 'https://thenorthfacemx.vtexassets.com/arquivos/ids/1548503/NF0A5FXADOU_3.jpg?v=638978944660300000'),
(520, 115, 'https://thenorthfacemx.vtexassets.com/arquivos/ids/1548431/NF0A4VSVBTR_1.jpg?v=638957100913800000'),
(521, 115, 'https://thenorthfacemx.vtexassets.com/arquivos/ids/1548432/NF0A4VSVBTR_2.jpg?v=638957100916730000'),
(522, 115, 'https://thenorthfacemx.vtexassets.com/arquivos/ids/1548433/NF0A4VSVBTR_3.jpg?v=638957100919100000'),
(523, 116, 'https://tommymx.vtexassets.com/arquivos/ids/849642-500-625?width=500&height=625&aspect=true'),
(524, 116, 'https://tommymx.vtexassets.com/arquivos/ids/849743-500-625?width=500&height=625&aspect=true'),
(525, 116, 'https://tommymx.vtexassets.com/arquivos/ids/849844-500-625?width=500&height=625&aspect=true'),
(526, 116, 'https://tommymx.vtexassets.com/arquivos/ids/849945-500-625?width=500&height=625&aspect=true'),
(527, 116, 'https://tommymx.vtexassets.com/arquivos/ids/850066-500-625?width=500&height=625&aspect=true'),
(528, 117, 'https://tommymx.vtexassets.com/arquivos/ids/849641-500-625?width=500&height=625&aspect=true'),
(529, 117, 'https://tommymx.vtexassets.com/arquivos/ids/849742-500-625?width=500&height=625&aspect=true'),
(530, 117, 'https://tommymx.vtexassets.com/arquivos/ids/849843-500-625?width=500&height=625&aspect=true'),
(531, 117, 'https://tommymx.vtexassets.com/arquivos/ids/849944-500-625?width=500&height=625&aspect=true'),
(532, 117, 'https://tommymx.vtexassets.com/arquivos/ids/850065-500-625?width=500&height=625&aspect=true'),
(533, 118, 'https://tommymx.vtexassets.com/arquivos/ids/849640-500-625?width=500&height=625&aspect=true'),
(534, 118, 'https://tommymx.vtexassets.com/arquivos/ids/849741-500-625?width=500&height=625&aspect=true'),
(535, 118, 'https://tommymx.vtexassets.com/arquivos/ids/849842-500-625?width=500&height=625&aspect=true'),
(536, 118, 'https://tommymx.vtexassets.com/arquivos/ids/849943-500-625?width=500&height=625&aspect=true'),
(537, 118, 'https://tommymx.vtexassets.com/arquivos/ids/850064-500-625?width=500&height=625&aspect=true'),
(538, 119, 'https://tommymx.vtexassets.com/arquivos/ids/826299-500-625?width=500&height=625&aspect=true'),
(539, 119, 'https://tommymx.vtexassets.com/arquivos/ids/829421-500-625?width=500&height=625&aspect=true'),
(540, 119, 'https://tommymx.vtexassets.com/arquivos/ids/832231-500-625?width=500&height=625&aspect=true'),
(541, 119, 'https://tommymx.vtexassets.com/arquivos/ids/834936-500-625?width=500&height=625&aspect=true'),
(542, 119, 'https://tommymx.vtexassets.com/arquivos/ids/839530-500-625?width=500&height=625&aspect=true'),
(543, 120, 'https://tommymx.vtexassets.com/arquivos/ids/826150-500-625?width=500&height=625&aspect=true'),
(544, 120, 'https://tommymx.vtexassets.com/arquivos/ids/829272-500-625?width=500&height=625&aspect=true'),
(545, 120, 'https://tommymx.vtexassets.com/arquivos/ids/832080-500-625?width=500&height=625&aspect=true'),
(546, 120, 'https://tommymx.vtexassets.com/arquivos/ids/834783-500-625?width=500&height=625&aspect=true'),
(547, 120, 'https://tommymx.vtexassets.com/arquivos/ids/839405-500-625?width=500&height=625&aspect=true'),
(548, 121, 'https://tommymx.vtexassets.com/arquivos/ids/826156-500-625?width=500&height=625&aspect=true'),
(549, 121, 'https://tommymx.vtexassets.com/arquivos/ids/829278-500-625?width=500&height=625&aspect=true'),
(550, 121, 'https://tommymx.vtexassets.com/arquivos/ids/832086-500-625?width=500&height=625&aspect=true'),
(551, 121, 'https://tommymx.vtexassets.com/arquivos/ids/834789-500-625?width=500&height=625&aspect=true'),
(552, 121, 'https://tommymx.vtexassets.com/arquivos/ids/839410-500-625?width=500&height=625&aspect=true'),
(553, 122, 'https://tommymx.vtexassets.com/arquivos/ids/826050-500-625?width=500&height=625&aspect=true'),
(554, 122, 'https://tommymx.vtexassets.com/arquivos/ids/829168-500-625?width=500&height=625&aspect=true'),
(555, 122, 'https://tommymx.vtexassets.com/arquivos/ids/831973-500-625?width=500&height=625&aspect=true'),
(556, 122, 'https://tommymx.vtexassets.com/arquivos/ids/834685-500-625?width=500&height=625&aspect=true'),
(557, 122, 'https://tommymx.vtexassets.com/arquivos/ids/839319-500-625?width=500&height=625&aspect=true'),
(558, 123, 'https://tommymx.vtexassets.com/arquivos/ids/826484-500-625?width=500&height=625&aspect=true'),
(559, 123, 'https://tommymx.vtexassets.com/arquivos/ids/829575-500-625?width=500&height=625&aspect=true'),
(560, 123, 'https://tommymx.vtexassets.com/arquivos/ids/832420-500-625?width=500&height=625&aspect=true'),
(561, 123, 'https://tommymx.vtexassets.com/arquivos/ids/835123-500-625?width=500&height=625&aspect=true'),
(562, 123, 'https://tommymx.vtexassets.com/arquivos/ids/835889-500-625?width=500&height=625&aspect=true'),
(563, 124, 'https://tommymx.vtexassets.com/arquivos/ids/822684-500-625?width=500&height=625&aspect=true'),
(564, 124, 'https://tommymx.vtexassets.com/arquivos/ids/825172-500-625?width=500&height=625&aspect=true'),
(565, 124, 'https://tommymx.vtexassets.com/arquivos/ids/831302-500-625?width=500&height=625&aspect=true'),
(566, 124, 'https://tommymx.vtexassets.com/arquivos/ids/836383-500-625?width=500&height=625&aspect=true'),
(567, 124, 'https://tommymx.vtexassets.com/arquivos/ids/840736-500-625?width=500&height=625&aspect=true'),
(568, 125, 'https://tommymx.vtexassets.com/arquivos/ids/826045-500-625?width=500&height=625&aspect=true'),
(569, 125, 'https://tommymx.vtexassets.com/arquivos/ids/829162-500-625?width=500&height=625&aspect=true'),
(570, 125, 'https://tommymx.vtexassets.com/arquivos/ids/831968-500-625?width=500&height=625&aspect=true'),
(571, 125, 'https://tommymx.vtexassets.com/arquivos/ids/834680-500-625?width=500&height=625&aspect=true'),
(572, 125, 'https://tommymx.vtexassets.com/arquivos/ids/835876-500-625?width=500&height=625&aspect=true'),
(573, 126, 'https://tommymx.vtexassets.com/arquivos/ids/795408-500-625?width=500&height=625&aspect=true'),
(574, 126, 'https://tommymx.vtexassets.com/arquivos/ids/796096-500-625?width=500&height=625&aspect=true'),
(575, 126, 'https://tommymx.vtexassets.com/arquivos/ids/796782-500-625?width=500&height=625&aspect=true'),
(576, 126, 'https://tommymx.vtexassets.com/arquivos/ids/797464-500-625?width=500&height=625&aspect=true'),
(577, 126, 'https://tommymx.vtexassets.com/arquivos/ids/797603-500-625?width=500&height=625&aspect=true'),
(578, 127, 'https://tommymx.vtexassets.com/arquivos/ids/847459-500-625?width=500&height=625&aspect=true'),
(579, 127, 'https://tommymx.vtexassets.com/arquivos/ids/847460-500-625?width=500&height=625&aspect=true'),
(580, 127, 'https://tommymx.vtexassets.com/arquivos/ids/847461-500-625?width=500&height=625&aspect=true'),
(581, 127, 'https://tommymx.vtexassets.com/arquivos/ids/847462-500-625?width=500&height=625&aspect=true'),
(582, 127, 'https://tommymx.vtexassets.com/arquivos/ids/847463-500-625?width=500&height=625&aspect=true'),
(583, 128, 'https://tommymx.vtexassets.com/arquivos/ids/847389-500-625?width=500&height=625&aspect=true'),
(584, 128, 'https://tommymx.vtexassets.com/arquivos/ids/847390-500-625?width=500&height=625&aspect=true'),
(585, 128, 'https://tommymx.vtexassets.com/arquivos/ids/847391-500-625?width=500&height=625&aspect=true'),
(586, 128, 'https://tommymx.vtexassets.com/arquivos/ids/847392-500-625?width=500&height=625&aspect=true'),
(587, 128, 'https://tommymx.vtexassets.com/arquivos/ids/847393-500-625?width=500&height=625&aspect=true'),
(588, 129, 'https://tommymx.vtexassets.com/arquivos/ids/846632-500-625?width=500&height=625&aspect=true'),
(589, 129, 'https://tommymx.vtexassets.com/arquivos/ids/846633-500-625?width=500&height=625&aspect=true'),
(590, 129, 'https://tommymx.vtexassets.com/arquivos/ids/846634-500-625?width=500&height=625&aspect=true'),
(591, 129, 'https://tommymx.vtexassets.com/arquivos/ids/846635-500-625?width=500&height=625&aspect=true'),
(592, 129, 'https://tommymx.vtexassets.com/arquivos/ids/846636-500-625?width=500&height=625&aspect=true'),
(593, 130, 'https://tommymx.vtexassets.com/arquivos/ids/846677-500-625?width=500&height=625&aspect=true'),
(594, 130, 'https://tommymx.vtexassets.com/arquivos/ids/846678-500-625?width=500&height=625&aspect=true'),
(595, 130, 'https://tommymx.vtexassets.com/arquivos/ids/846679-500-625?width=500&height=625&aspect=true'),
(596, 130, 'https://tommymx.vtexassets.com/arquivos/ids/846680-500-625?width=500&height=625&aspect=true'),
(597, 130, 'https://tommymx.vtexassets.com/arquivos/ids/846681-500-625?width=500&height=625&aspect=true');


INSERT INTO "Rol" ("id", "nombre") VALUES 
(1, 'Cliente'),
(2, 'Administrador'),
(3, 'Repartidor'),
(4, 'Empacador');


INSERT INTO "EstadoPedido" ("id", "nombre", "descripcion") VALUES 
(1, 'Pendiente', 'Pedido creado pero sin pagar.'),
(2, 'Pagado', 'Pago confirmado.'),
(3, 'En preparación', 'Pedido siendo preparado (empaquetando).'),
(4, 'Listo para envío', 'Listo para enviarse.'),
(5, 'Completado', 'Pedido finalizado.'),
(6, 'Cancelado', 'Pedido cancelado.');


INSERT INTO "EstadoPago" ("id", "nombre", "descripcion") VALUES 
(1, 'Pendiente', 'Pago iniciado.'),
(2, 'Aprobado', 'Pago confirmado.'),
(3, 'Rechazado', 'Pago fallido.'),
(4, 'Reembolsado', 'Dinero devuelto.'),
(5, 'Cancelado', 'Pago cancelado.');


INSERT INTO "TipoMetodoDePago" ("id", "nombre", "descripcion") VALUES 
(1, 'Tarjeta de crédito', 'Pago mediante tarjeta de crédito, financiación diferida.'),
(2, 'Tarjeta de débito', 'Pago inmediato desde tu cuenta bancaria.'),
(3, 'Transferencia', 'Transferencia bancaria directa entre cuentas.'),
(4, 'Paypal', 'Pago seguro a través de tu cuenta PayPal.'),
(5, 'Apple pay', 'Pago rápido y seguro con Apple Pay.'),
(6, 'Google pay', 'Pago conveniente mediante Google Pay.'),
(7, 'Mercado pago', 'Pago a través de la plataforma Mercado Pago.');


INSERT INTO "ProveedorBancario" ("id", "nombre", "url_logo") VALUES 
(1, 'Visa', 'https://woryjvsnyyfuhrywvkeq.supabase.co/storage/v1/object/public/LuxuryClothes/ProvidersLogos/visa.svg'),
(2, 'Mastercard', 'https://woryjvsnyyfuhrywvkeq.supabase.co/storage/v1/object/public/LuxuryClothes/ProvidersLogos/mastercard.svg'),
(3, 'PayPal', 'https://woryjvsnyyfuhrywvkeq.supabase.co/storage/v1/object/public/LuxuryClothes/ProvidersLogos/paypal.svg'),
(4, 'Google pay', 'https://woryjvsnyyfuhrywvkeq.supabase.co/storage/v1/object/public/LuxuryClothes/ProvidersLogos/google-pay.svg'),
(5, 'Apple pay', 'https://woryjvsnyyfuhrywvkeq.supabase.co/storage/v1/object/public/LuxuryClothes/ProvidersLogos/apple-pay-white.svg'),
(6, 'Apple pay', 'https://woryjvsnyyfuhrywvkeq.supabase.co/storage/v1/object/public/LuxuryClothes/ProvidersLogos/apple-pay-black.svg'),
(7, 'American Express', 'https://woryjvsnyyfuhrywvkeq.supabase.co/storage/v1/object/public/LuxuryClothes/ProvidersLogos/american-express.svg');


INSERT INTO "EstadoEnvio" ("id", "nombre", "descripcion") VALUES 
(1, 'Pendiente', 'Envío aun no preparado.'),
(2, 'Preparado', 'Paquete listo.'),
(3, 'Enviado', 'Sale de almacén.'),
(4, 'En camino', 'En camino.'),
(5, 'Entregado', 'Recibido por cliente.'),
(6, 'Fallido', 'Intento de entrega fallido.');


